Collar ID,Acq. Time [UTC],Acq. Time [LMT],SCTS [UTC],SCTS [LMT],Origin,Latitude[deg],Longitude[deg],Altitude[m],Dop,Fix Type,Mortality Status,Temp[Â°C],Main[V],Beacon [V],Animal
40878,2023-05-01 14:00:08,2023-05-01 08:00:08-06:00,2023-05-01 14:00:31,2023-05-01 08:00:31-06:00,Iridium,46.67142,-113.93712,1431,3.2,3D Valid,Nothing Detected,19,3.44,3.68,Animal with Collar 40878
40878,2023-05-01 13:00:39,2023-05-01 07:00:39-06:00,2023-05-01 14:00:31,2023-05-01 08:00:31-06:00,Iridium,46.67097,-113.93654,1467,5,3D Valid,Nothing Detected,18,3.36,3.68,Animal with Collar 40878
40878,2023-05-01 12:00:38,2023-05-01 06:00:38-06:00,2023-05-01 14:00:31,2023-05-01 08:00:31-06:00,Iridium,46.67106,-113.93652,1425,2.6,3D Valid,Nothing Detected,18,3.44,3.68,Animal with Collar 40878
40878,2023-05-01 11:00:38,2023-05-01 05:00:38-06:00,2023-05-01 14:00:31,2023-05-01 08:00:31-06:00,Iridium,46.67089,-113.93659,1467,2,3D Valid,Nothing Detected,19,3.44,3.68,Animal with Collar 40878
40878,2023-05-01 10:00:13,2023-05-01 04:00:13-06:00,2023-05-01 14:00:40,2023-05-01 08:00:40-06:00,Iridium,46.67117,-113.93637,1460,3.6,3D Valid,Nothing Detected,20,3.44,3.68,Animal with Collar 40878
40878,2023-05-01 09:00:39,2023-05-01 03:00:39-06:00,2023-05-01 14:00:40,2023-05-01 08:00:40-06:00,Iridium,46.67126,-113.93642,1429,2.4,3D Valid,Nothing Detected,19,3.44,3.68,Animal with Collar 40878
40878,2023-05-01 08:00:21,2023-05-01 02:00:21-06:00,2023-05-01 14:00:40,2023-05-01 08:00:40-06:00,Iridium,46.67182,-113.93703,1408,5.2,3D Valid,Nothing Detected,19,3.44,3.68,Animal with Collar 40878
40878,2023-05-01 07:00:08,2023-05-01 01:00:08-06:00,2023-05-01 14:00:40,2023-05-01 08:00:40-06:00,Iridium,46.67108,-113.93652,1450,2.8,3D Valid,Nothing Detected,19,3.44,3.68,Animal with Collar 40878
40878,2023-05-01 06:00:39,2023-05-01 00:00:39-06:00,2023-05-01 14:00:48,2023-05-01 08:00:48-06:00,Iridium,46.67125,-113.93644,1496,4,3D Valid,Nothing Detected,20,3.44,3.68,Animal with Collar 40878
40878,2023-05-01 05:00:09,2023-04-30 23:00:09-06:00,2023-05-01 14:00:48,2023-05-01 08:00:48-06:00,Iridium,46.67102,-113.93632,1456,2.4,3D Valid,Nothing Detected,21,3.44,3.68,Animal with Collar 40878
40878,2023-05-01 04:00:09,2023-04-30 22:00:09-06:00,2023-05-01 14:00:48,2023-05-01 08:00:48-06:00,Iridium,46.67119,-113.93631,1444,1.6,3D Valid,Nothing Detected,23,3.44,3.68,Animal with Collar 40878
40878,2023-05-01 03:00:37,2023-04-30 21:00:37-06:00,2023-05-01 14:00:48,2023-05-01 08:00:48-06:00,Iridium,46.67194,-113.93555,1472,1.8,3D Valid,Nothing Detected,23,3.36,3.68,Animal with Collar 40878
40878,2023-05-01 02:00:13,2023-04-30 20:00:13-06:00,2023-05-01 14:00:56,2023-05-01 08:00:56-06:00,Iridium,46.67417,-113.93388,1494,3.6,3D Valid,Nothing Detected,26,3.44,3.68,Animal with Collar 40878
40878,2023-05-01 01:00:40,2023-04-30 19:00:40-06:00,2023-05-01 14:00:56,2023-05-01 08:00:56-06:00,Iridium,46.66745,-113.92633,1434,1.8,3D Valid,Nothing Detected,29,3.36,3.68,Animal with Collar 40878
40878,2023-05-01 00:00:40,2023-04-30 18:00:40-06:00,2023-05-01 14:00:56,2023-05-01 08:00:56-06:00,Iridium,46.66597,-113.92493,1417,2.2,3D Valid,Nothing Detected,29,3.36,3.68,Animal with Collar 40878
40878,2023-04-30 23:00:38,2023-04-30 17:00:38-06:00,2023-05-01 14:00:56,2023-05-01 08:00:56-06:00,Iridium,46.66473,-113.92459,1365,5.8,3D Valid,Nothing Detected,30,3.36,3.52,Animal with Collar 40878
40878,2023-04-30 22:00:09,2023-04-30 16:00:09-06:00,2023-05-01 14:01:05,2023-05-01 08:01:05-06:00,Iridium,46.66386,-113.92563,1352,5,3D Valid,Nothing Detected,33,3.44,3.68,Animal with Collar 40878
40878,2023-04-30 21:00:39,2023-04-30 15:00:39-06:00,2023-05-01 14:01:05,2023-05-01 08:01:05-06:00,Iridium,46.66442,-113.92529,1373,3,3D Valid,Nothing Detected,30,3.44,3.68,Animal with Collar 40878
40878,2023-04-30 20:00:12,2023-04-30 14:00:12-06:00,2023-05-01 14:01:05,2023-05-01 08:01:05-06:00,Iridium,46.66415,-113.92548,1350,3.8,3D Valid,Nothing Detected,35,3.44,3.68,Animal with Collar 40878
40878,2023-04-30 19:00:09,2023-04-30 13:00:09-06:00,2023-05-01 14:01:05,2023-05-01 08:01:05-06:00,Iridium,46.66086,-113.91779,1455,3,3D Valid,Nothing Detected,34,3.44,3.68,Animal with Collar 40878
40878,2023-04-30 18:00:39,2023-04-30 12:00:39-06:00,2023-05-01 14:01:12,2023-05-01 08:01:12-06:00,Iridium,46.66247,-113.91367,1429,2.6,3D Valid,Nothing Detected,28,3.36,3.68,Animal with Collar 40878
40878,2023-04-30 17:00:21,2023-04-30 11:00:21-06:00,2023-05-01 14:01:12,2023-05-01 08:01:12-06:00,Iridium,46.66241,-113.91363,1430,2.4,3D Valid,Nothing Detected,28,3.44,3.68,Animal with Collar 40878
40878,2023-04-30 16:00:08,2023-04-30 10:00:08-06:00,2023-05-01 14:01:12,2023-05-01 08:01:12-06:00,Iridium,46.66527,-113.91026,1526,2,3D Valid,Nothing Detected,32,3.44,3.68,Animal with Collar 40878
40878,2023-04-30 15:00:38,2023-04-30 09:00:38-06:00,2023-05-01 14:01:12,2023-05-01 08:01:12-06:00,Iridium,46.66526,-113.91026,1525,2.4,3D Valid,Nothing Detected,23,3.36,3.68,Animal with Collar 40878
40878,2023-04-30 14:00:08,2023-04-30 08:00:08-06:00,2023-04-30 14:00:30,2023-04-30 08:00:30-06:00,Iridium,46.66576,-113.90939,1519,3.4,3D Valid,Nothing Detected,17,3.36,3.68,Animal with Collar 40878
40878,2023-04-30 13:00:39,2023-04-30 07:00:39-06:00,2023-04-30 14:00:30,2023-04-30 08:00:30-06:00,Iridium,46.66592,-113.90930,1511,2.4,3D Valid,Nothing Detected,15,3.36,3.68,Animal with Collar 40878
40878,2023-04-30 12:00:36,2023-04-30 06:00:36-06:00,2023-04-30 14:00:30,2023-04-30 08:00:30-06:00,Iridium,46.66450,-113.90948,1508,2.6,3D Valid,Nothing Detected,14,3.44,3.68,Animal with Collar 40878
40878,2023-04-30 11:00:08,2023-04-30 05:00:08-06:00,2023-04-30 14:00:30,2023-04-30 08:00:30-06:00,Iridium,46.66455,-113.90951,1506,2,3D Valid,Nothing Detected,16,3.44,3.68,Animal with Collar 40878
40878,2023-04-30 10:00:37,2023-04-30 04:00:37-06:00,2023-04-30 10:01:02,2023-04-30 04:01:02-06:00,Iridium,46.66449,-113.90950,1501,2.2,3D Valid,Nothing Detected,17,3.36,3.68,Animal with Collar 40878
40878,2023-04-30 09:00:15,2023-04-30 03:00:15-06:00,2023-04-30 10:01:02,2023-04-30 04:01:02-06:00,Iridium,46.66439,-113.90949,1541,3,3D Valid,Nothing Detected,21,3.44,3.68,Animal with Collar 40878
40878,2023-04-30 08:00:34,2023-04-30 02:00:34-06:00,2023-04-30 10:01:02,2023-04-30 04:01:02-06:00,Iridium,46.66457,-113.90949,1498,2.6,3D Valid,Nothing Detected,22,3.36,3.68,Animal with Collar 40878
40878,2023-04-30 07:00:10,2023-04-30 01:00:10-06:00,2023-04-30 10:01:02,2023-04-30 04:01:02-06:00,Iridium,46.66455,-113.90952,1495,3.6,3D Valid,Nothing Detected,24,3.36,3.68,Animal with Collar 40878
40878,2023-04-30 06:01:00,2023-04-30 00:01:00-06:00,2023-04-30 06:01:27,2023-04-30 00:01:27-06:00,Iridium,46.66446,-113.90946,1529,2.8,3D Valid,Nothing Detected,24,3.36,3.68,Animal with Collar 40878
40878,2023-04-30 05:01:15,2023-04-29 23:01:15-06:00,2023-04-30 06:01:27,2023-04-30 00:01:27-06:00,Iridium,46.66451,-113.90962,1501,2.8,3D Valid,Nothing Detected,20,3.36,3.68,Animal with Collar 40878
40878,2023-04-30 04:00:10,2023-04-29 22:00:10-06:00,2023-04-30 06:01:27,2023-04-30 00:01:27-06:00,Iridium,46.66447,-113.90953,1505,2.4,3D Valid,Nothing Detected,19,3.44,3.68,Animal with Collar 40878
40878,2023-04-30 03:00:36,2023-04-29 21:00:36-06:00,2023-04-30 06:01:27,2023-04-30 00:01:27-06:00,Iridium,46.66446,-113.90952,1506,1.8,3D Valid,Nothing Detected,20,3.44,3.68,Animal with Collar 40878
40878,2023-04-30 02:00:12,2023-04-29 20:00:12-06:00,2023-04-30 02:00:38,2023-04-29 20:00:38-06:00,Iridium,46.66449,-113.90926,1490,5.2,3D Valid,Nothing Detected,23,3.44,3.68,Animal with Collar 40878
40878,2023-04-30 01:00:08,2023-04-29 19:00:08-06:00,2023-04-30 02:00:38,2023-04-29 20:00:38-06:00,Iridium,46.66196,-113.90962,1439,3,3D Valid,Nothing Detected,25,3.44,3.68,Animal with Collar 40878
40878,2023-04-30 00:00:36,2023-04-29 18:00:36-06:00,2023-04-30 02:00:38,2023-04-29 20:00:38-06:00,Iridium,46.66306,-113.90936,1470,1.8,3D Valid,Nothing Detected,33,3.36,3.68,Animal with Collar 40878
40878,2023-04-29 23:00:09,2023-04-29 17:00:09-06:00,2023-04-30 02:00:38,2023-04-29 20:00:38-06:00,Iridium,46.66295,-113.90672,1486,4.6,3D Valid,Nothing Detected,29,3.44,3.68,Animal with Collar 40878
40878,2023-04-29 22:00:36,2023-04-29 16:00:36-06:00,2023-04-30 02:00:57,2023-04-29 20:00:57-06:00,Iridium,46.66295,-113.90635,1515,5,3D Valid,Nothing Detected,36,3.44,3.68,Animal with Collar 40878
40878,2023-04-29 21:00:14,2023-04-29 15:00:14-06:00,2023-04-30 02:00:57,2023-04-29 20:00:57-06:00,Iridium,46.66249,-113.90597,1485,2.4,3D Valid,Nothing Detected,33,3.44,3.68,Animal with Collar 40878
40878,2023-04-29 20:00:38,2023-04-29 14:00:38-06:00,2023-04-30 02:00:57,2023-04-29 20:00:57-06:00,Iridium,46.66079,-113.90409,1449,2,3D Valid,Nothing Detected,24,3.36,3.68,Animal with Collar 40878
40878,2023-04-29 19:00:10,2023-04-29 13:00:10-06:00,2023-04-30 02:00:57,2023-04-29 20:00:57-06:00,Iridium,46.66062,-113.90427,1456,3.6,3D Valid,Nothing Detected,26,3.44,3.68,Animal with Collar 40878
40878,2023-04-29 18:01:20,2023-04-29 12:01:20-06:00,2023-04-29 18:02:42,2023-04-29 12:02:42-06:00,Iridium,46.66290,-113.90476,1607,3.4,3D Valid,Nothing Detected,20,3.36,3.68,Animal with Collar 40878
40878,2023-04-29 17:00:21,2023-04-29 11:00:21-06:00,2023-04-29 18:02:42,2023-04-29 12:02:42-06:00,Iridium,46.66085,-113.90407,1440,2.8,3D Valid,Nothing Detected,17,3.36,3.68,Animal with Collar 40878
40878,2023-04-29 16:00:38,2023-04-29 10:00:38-06:00,2023-04-29 18:02:42,2023-04-29 12:02:42-06:00,Iridium,46.66104,-113.90425,1445,2.6,3D Valid,Nothing Detected,16,3.36,3.68,Animal with Collar 40878
40878,2023-04-29 15:01:08,2023-04-29 09:01:08-06:00,2023-04-29 18:02:42,2023-04-29 12:02:42-06:00,Iridium,46.66103,-113.90426,1441,2.2,3D Valid,Nothing Detected,17,3.36,3.68,Animal with Collar 40878
40878,2023-04-29 14:00:13,2023-04-29 08:00:13-06:00,2023-04-29 18:02:52,2023-04-29 12:02:52-06:00,Iridium,46.66250,-113.90424,1454,3.6,3D Valid,Nothing Detected,18,3.36,3.68,Animal with Collar 40878
40878,2023-04-29 13:00:39,2023-04-29 07:00:39-06:00,2023-04-29 18:02:52,2023-04-29 12:02:52-06:00,Iridium,46.66257,-113.90577,1487,3.6,3D Valid,Nothing Detected,13,3.36,3.68,Animal with Collar 40878
40878,2023-04-29 12:00:38,2023-04-29 06:00:38-06:00,2023-04-29 18:02:52,2023-04-29 12:02:52-06:00,Iridium,46.66293,-113.90459,1461,2.4,3D Valid,Nothing Detected,10,3.44,3.68,Animal with Collar 40878
40878,2023-04-29 11:00:38,2023-04-29 05:00:38-06:00,2023-04-29 18:02:52,2023-04-29 12:02:52-06:00,Iridium,46.66302,-113.90447,1485,2.4,3D Valid,Nothing Detected,12,3.44,3.68,Animal with Collar 40878
40878,2023-04-29 10:00:10,2023-04-29 04:00:10-06:00,2023-04-29 18:02:59,2023-04-29 12:02:59-06:00,Iridium,46.66295,-113.90442,1484,4,3D Valid,Nothing Detected,12,3.44,3.68,Animal with Collar 40878
40878,2023-04-29 09:00:39,2023-04-29 03:00:39-06:00,2023-04-29 18:02:59,2023-04-29 12:02:59-06:00,Iridium,46.66300,-113.90450,1475,3.2,3D Valid,Nothing Detected,11,3.44,3.68,Animal with Collar 40878
40878,2023-04-29 08:00:11,2023-04-29 02:00:11-06:00,2023-04-29 18:02:59,2023-04-29 12:02:59-06:00,Iridium,46.66307,-113.90457,1474,5.2,3D Valid,Nothing Detected,12,3.44,3.68,Animal with Collar 40878
40878,2023-04-29 07:00:18,2023-04-29 01:00:18-06:00,2023-04-29 18:02:59,2023-04-29 12:02:59-06:00,Iridium,46.66305,-113.90468,1438,2.8,3D Valid,Nothing Detected,14,3.44,3.68,Animal with Collar 40878
40878,2023-04-29 06:01:08,2023-04-29 00:01:08-06:00,2023-04-29 06:01:31,2023-04-29 00:01:31-06:00,Iridium,46.66298,-113.90454,1478,4,3D Valid,Nothing Detected,14,3.36,3.68,Animal with Collar 40878
40878,2023-04-29 05:00:09,2023-04-28 23:00:09-06:00,2023-04-29 06:01:31,2023-04-29 00:01:31-06:00,Iridium,46.66304,-113.90454,1485,2.8,3D Valid,Nothing Detected,15,3.44,3.68,Animal with Collar 40878
40878,2023-04-29 04:00:39,2023-04-28 22:00:39-06:00,2023-04-29 06:01:31,2023-04-29 00:01:31-06:00,Iridium,46.66299,-113.90449,1482,2.4,3D Valid,Nothing Detected,13,3.44,3.68,Animal with Collar 40878
40878,2023-04-29 03:00:10,2023-04-28 21:00:10-06:00,2023-04-29 06:01:31,2023-04-29 00:01:31-06:00,Iridium,46.66309,-113.90447,1480,4.6,3D Valid,Nothing Detected,18,3.44,3.68,Animal with Collar 40878
40878,2023-04-29 02:00:09,2023-04-28 20:00:09-06:00,2023-04-29 06:01:39,2023-04-29 00:01:39-06:00,Iridium,46.66257,-113.90550,1493,2.2,3D Valid,Nothing Detected,21,3.44,3.68,Animal with Collar 40878
40878,2023-04-29 01:00:40,2023-04-28 19:00:40-06:00,2023-04-29 06:01:39,2023-04-29 00:01:39-06:00,Iridium,46.66287,-113.90498,1492,2,3D Valid,Nothing Detected,24,3.36,3.68,Animal with Collar 40878
40878,2023-04-29 00:00:15,2023-04-28 18:00:15-06:00,2023-04-29 06:01:39,2023-04-29 00:01:39-06:00,Iridium,46.66327,-113.90476,1513,2.2,3D Valid,Nothing Detected,28,3.44,3.68,Animal with Collar 40878
40878,2023-04-28 23:00:09,2023-04-28 17:00:09-06:00,2023-04-29 06:01:39,2023-04-29 00:01:39-06:00,Iridium,46.66524,-113.90371,1537,4.4,3D Valid,Nothing Detected,33,3.44,3.68,Animal with Collar 40878
40878,2023-04-28 22:00:38,2023-04-28 16:00:38-06:00,2023-04-28 22:01:01,2023-04-28 16:01:01-06:00,Iridium,46.66618,-113.89964,1522,2.4,3D Valid,Nothing Detected,28,3.36,3.68,Animal with Collar 40878
40878,2023-04-28 21:00:41,2023-04-28 15:00:41-06:00,2023-04-28 22:01:01,2023-04-28 16:01:01-06:00,Iridium,46.66401,-113.90040,1455,4.4,3D Valid,Nothing Detected,29,3.36,3.68,Animal with Collar 40878
40878,2023-04-28 20:01:38,2023-04-28 14:01:38-06:00,2023-04-28 22:01:01,2023-04-28 16:01:01-06:00,Iridium,46.66182,-113.90413,1438,2.6,3D Valid,Nothing Detected,24,3.36,3.68,Animal with Collar 40878
40878,2023-04-28 19:00:38,2023-04-28 13:00:38-06:00,2023-04-28 22:01:01,2023-04-28 16:01:01-06:00,Iridium,46.66181,-113.90455,1416,3.6,3D Valid,Nothing Detected,26,3.36,3.68,Animal with Collar 40878
40878,2023-04-28 18:00:40,2023-04-28 12:00:40-06:00,2023-04-28 22:02:01,2023-04-28 16:02:01-06:00,Iridium,46.66192,-113.90440,1416,3.4,3D Valid,Nothing Detected,33,3.36,3.68,Animal with Collar 40878
40878,2023-04-28 17:00:38,2023-04-28 11:00:38-06:00,2023-04-28 22:02:01,2023-04-28 16:02:01-06:00,Iridium,46.66118,-113.90648,1447,2,3D Valid,Nothing Detected,36,3.36,3.68,Animal with Collar 40878
40878,2023-04-28 16:00:10,2023-04-28 10:00:10-06:00,2023-04-28 22:02:01,2023-04-28 16:02:01-06:00,Iridium,46.66201,-113.90941,1454,3.4,3D Valid,Nothing Detected,28,3.44,3.68,Animal with Collar 40878
40878,2023-04-28 15:00:10,2023-04-28 09:00:10-06:00,2023-04-28 22:02:01,2023-04-28 16:02:01-06:00,Iridium,46.66217,-113.90928,1456,2.4,3D Valid,Nothing Detected,14,3.44,3.68,Animal with Collar 40878
40878,2023-04-28 14:00:40,2023-04-28 08:00:40-06:00,2023-04-28 14:01:16,2023-04-28 08:01:16-06:00,Iridium,46.66200,-113.90936,1454,2,3D Valid,Nothing Detected,10,3.44,3.68,Animal with Collar 40878
40878,2023-04-28 13:00:39,2023-04-28 07:00:39-06:00,2023-04-28 14:01:16,2023-04-28 08:01:16-06:00,Iridium,46.66204,-113.90936,1458,3,3D Valid,Nothing Detected,7,3.44,3.68,Animal with Collar 40878
40878,2023-04-28 12:00:40,2023-04-28 06:00:40-06:00,2023-04-28 14:01:16,2023-04-28 08:01:16-06:00,Iridium,46.66209,-113.90939,1453,5.8,3D Valid,Nothing Detected,11,3.36,3.68,Animal with Collar 40878
40878,2023-04-28 11:00:10,2023-04-28 05:00:10-06:00,2023-04-28 14:01:16,2023-04-28 08:01:16-06:00,Iridium,46.66202,-113.90940,1452,2.6,3D Valid,Nothing Detected,13,3.44,3.68,Animal with Collar 40878
40878,2023-04-28 10:00:38,2023-04-28 04:00:38-06:00,2023-04-28 14:01:25,2023-04-28 08:01:25-06:00,Iridium,46.66197,-113.90943,1466,3.2,3D Valid,Nothing Detected,11,3.44,3.68,Animal with Collar 40878
40878,2023-04-28 09:00:40,2023-04-28 03:00:40-06:00,2023-04-28 14:01:25,2023-04-28 08:01:25-06:00,Iridium,46.66190,-113.90955,1448,2,3D Valid,Nothing Detected,12,3.44,3.68,Animal with Collar 40878
40878,2023-04-28 08:00:23,2023-04-28 02:00:23-06:00,2023-04-28 14:01:25,2023-04-28 08:01:25-06:00,Iridium,46.66242,-113.90997,1476,5.2,3D Valid,Nothing Detected,12,3.36,3.68,Animal with Collar 40878
40878,2023-04-28 07:00:10,2023-04-28 01:00:10-06:00,2023-04-28 14:01:25,2023-04-28 08:01:25-06:00,Iridium,46.66210,-113.90940,1474,2.8,3D Valid,Nothing Detected,10,3.44,3.68,Animal with Collar 40878
40878,2023-04-28 06:00:39,2023-04-28 00:00:39-06:00,2023-04-28 14:01:46,2023-04-28 08:01:46-06:00,Iridium,46.66201,-113.90938,1456,3.8,3D Valid,Nothing Detected,11,3.36,3.68,Animal with Collar 40878
40878,2023-04-28 05:00:15,2023-04-27 23:00:15-06:00,2023-04-28 14:01:46,2023-04-28 08:01:46-06:00,Iridium,46.66181,-113.90929,1469,3.6,3D Valid,Nothing Detected,14,3.36,3.68,Animal with Collar 40878
40878,2023-04-28 04:00:10,2023-04-27 22:00:10-06:00,2023-04-28 14:01:46,2023-04-28 08:01:46-06:00,Iridium,46.66199,-113.90943,1447,3.4,3D Valid,Nothing Detected,10,3.44,3.68,Animal with Collar 40878
40878,2023-04-28 03:00:38,2023-04-27 21:00:38-06:00,2023-04-28 14:01:46,2023-04-28 08:01:46-06:00,Iridium,46.66199,-113.90943,1453,2.2,3D Valid,Nothing Detected,16,3.36,3.68,Animal with Collar 40878
40878,2023-04-28 02:00:10,2023-04-27 20:00:10-06:00,2023-04-28 14:01:56,2023-04-28 08:01:56-06:00,Iridium,46.66195,-113.90971,1459,3.2,3D Valid,Nothing Detected,19,3.44,3.68,Animal with Collar 40878
40878,2023-04-28 01:00:38,2023-04-27 19:00:38-06:00,2023-04-28 14:01:56,2023-04-28 08:01:56-06:00,Iridium,46.66228,-113.90942,1441,3.6,3D Valid,Nothing Detected,20,3.36,3.68,Animal with Collar 40878
40878,2023-04-28 00:00:15,2023-04-27 18:00:15-06:00,2023-04-28 14:01:56,2023-04-28 08:01:56-06:00,Iridium,46.66236,-113.90931,1449,2,3D Valid,Nothing Detected,24,3.36,3.68,Animal with Collar 40878
40878,2023-04-27 23:00:38,2023-04-27 17:00:38-06:00,2023-04-28 14:01:56,2023-04-28 08:01:56-06:00,Iridium,46.66264,-113.90990,1483,2,3D Valid,Nothing Detected,31,3.36,3.68,Animal with Collar 40878
40878,2023-04-27 22:00:09,2023-04-27 16:00:09-06:00,2023-04-28 14:02:03,2023-04-28 08:02:03-06:00,Iridium,46.66341,-113.91003,1499,6.6,3D Valid,Nothing Detected,30,3.36,3.68,Animal with Collar 40878
40878,2023-04-27 21:00:40,2023-04-27 15:00:40-06:00,2023-04-28 14:02:03,2023-04-28 08:02:03-06:00,Iridium,46.66642,-113.91125,1469,2.8,3D Valid,Nothing Detected,21,3.36,3.68,Animal with Collar 40878
40878,2023-04-27 20:00:18,2023-04-27 14:00:18-06:00,2023-04-28 14:02:03,2023-04-28 08:02:03-06:00,Iridium,46.66625,-113.91125,1470,3.4,3D Valid,Nothing Detected,29,3.44,3.68,Animal with Collar 40878
40878,2023-04-27 19:00:35,2023-04-27 13:00:35-06:00,2023-04-28 14:02:03,2023-04-28 08:02:03-06:00,Iridium,46.66677,-113.91369,1506,2.2,3D Valid,Nothing Detected,35,3.36,3.68,Animal with Collar 40878
40878,2023-04-27 18:00:39,2023-04-27 12:00:39-06:00,2023-04-28 14:02:11,2023-04-28 08:02:11-06:00,Iridium,46.66783,-113.91393,1563,2.6,3D Valid,Nothing Detected,27,3.36,3.68,Animal with Collar 40878
40878,2023-04-27 17:00:15,2023-04-27 11:00:15-06:00,2023-04-28 14:02:11,2023-04-28 08:02:11-06:00,Iridium,46.66478,-113.92398,1452,3.4,3D Valid,Nothing Detected,24,3.36,3.68,Animal with Collar 40878
40878,2023-04-27 16:00:40,2023-04-27 10:00:40-06:00,2023-04-28 14:02:11,2023-04-28 08:02:11-06:00,Iridium,46.66424,-113.92550,1365,2.2,3D Valid,Nothing Detected,21,3.36,3.68,Animal with Collar 40878
40878,2023-04-27 15:00:38,2023-04-27 09:00:38-06:00,2023-04-28 14:02:11,2023-04-28 08:02:11-06:00,Iridium,46.66314,-113.92635,1345,3.8,3D Valid,Nothing Detected,16,3.44,3.68,Animal with Collar 40878
40878,2023-04-27 14:00:10,2023-04-27 08:00:10-06:00,2023-04-27 14:00:32,2023-04-27 08:00:32-06:00,Iridium,46.66200,-113.92783,1344,2.2,3D Valid,Nothing Detected,12,3.44,3.68,Animal with Collar 40878
40878,2023-04-27 13:00:38,2023-04-27 07:00:38-06:00,2023-04-27 14:00:32,2023-04-27 08:00:32-06:00,Iridium,46.66200,-113.92793,1330,2.4,3D Valid,Nothing Detected,13,3.44,3.68,Animal with Collar 40878
40878,2023-04-27 12:00:39,2023-04-27 06:00:39-06:00,2023-04-27 14:00:32,2023-04-27 08:00:32-06:00,Iridium,46.66196,-113.92793,1329,7.4,3D Valid,Nothing Detected,14,3.44,3.68,Animal with Collar 40878
40878,2023-04-27 11:00:38,2023-04-27 05:00:38-06:00,2023-04-27 14:00:32,2023-04-27 08:00:32-06:00,Iridium,46.66199,-113.92793,1345,2.2,3D Valid,Nothing Detected,16,3.44,3.68,Animal with Collar 40878
40878,2023-04-27 10:00:13,2023-04-27 04:00:13-06:00,2023-04-27 10:00:35,2023-04-27 04:00:35-06:00,Iridium,46.66202,-113.92825,1297,4.6,3D Valid,Nothing Detected,18,3.44,3.68,Animal with Collar 40878
40878,2023-04-27 09:00:40,2023-04-27 03:00:40-06:00,2023-04-27 10:00:35,2023-04-27 04:00:35-06:00,Iridium,46.66197,-113.92794,1333,2,3D Valid,Nothing Detected,16,3.36,3.68,Animal with Collar 40878
40878,2023-04-27 08:00:11,2023-04-27 02:00:11-06:00,2023-04-27 10:00:35,2023-04-27 04:00:35-06:00,Iridium,46.66211,-113.92799,1336,5,3D Valid,Nothing Detected,16,3.44,3.68,Animal with Collar 40878
40878,2023-04-27 07:00:11,2023-04-27 01:00:11-06:00,2023-04-27 10:00:35,2023-04-27 04:00:35-06:00,Iridium,46.66208,-113.92791,1389,2.8,3D Valid,Nothing Detected,16,3.44,3.68,Animal with Collar 40878
40878,2023-04-27 06:00:39,2023-04-27 00:00:39-06:00,2023-04-27 10:00:54,2023-04-27 04:00:54-06:00,Iridium,46.66195,-113.92790,1332,3.8,3D Valid,Nothing Detected,13,3.44,3.68,Animal with Collar 40878
40878,2023-04-27 05:00:13,2023-04-26 23:00:13-06:00,2023-04-27 10:00:54,2023-04-27 04:00:54-06:00,Iridium,46.66206,-113.92811,1330,2,3D Valid,Nothing Detected,14,3.44,3.68,Animal with Collar 40878
40878,2023-04-27 04:00:38,2023-04-26 22:00:38-06:00,2023-04-27 10:00:54,2023-04-27 04:00:54-06:00,Iridium,46.66199,-113.92790,1346,3.4,3D Valid,Nothing Detected,16,3.44,3.68,Animal with Collar 40878
40878,2023-04-27 03:00:11,2023-04-26 21:00:11-06:00,2023-04-27 10:00:54,2023-04-27 04:00:54-06:00,Iridium,46.66203,-113.92755,1366,3.6,3D Valid,Nothing Detected,19,3.44,3.68,Animal with Collar 40878
40878,2023-04-27 02:00:39,2023-04-26 20:00:39-06:00,2023-04-27 02:01:46,2023-04-26 20:01:46-06:00,Iridium,46.66194,-113.92787,1339,2.4,3D Valid,Nothing Detected,19,3.44,3.68,Animal with Collar 40878
40878,2023-04-27 01:00:10,2023-04-26 19:00:10-06:00,2023-04-27 02:01:46,2023-04-26 20:01:46-06:00,Iridium,46.66192,-113.92790,1336,4.6,3D Valid,Nothing Detected,21,3.36,3.68,Animal with Collar 40878
40878,2023-04-27 00:01:10,2023-04-26 18:01:10-06:00,2023-04-27 02:01:46,2023-04-26 20:01:46-06:00,Iridium,46.66314,-113.92605,1365,2.6,3D Valid,Nothing Detected,24,3.36,3.68,Animal with Collar 40878
40878,2023-04-26 23:00:38,2023-04-26 17:00:38-06:00,2023-04-27 02:01:46,2023-04-26 20:01:46-06:00,Iridium,46.66432,-113.92586,1370,2.4,3D Valid,Nothing Detected,23,3.36,3.68,Animal with Collar 40878
40878,2023-04-26 22:00:11,2023-04-26 16:00:11-06:00,2023-04-27 02:01:58,2023-04-26 20:01:58-06:00,Iridium,46.66405,-113.92572,1401,7.2,3D Valid,Nothing Detected,27,3.36,3.68,Animal with Collar 40878
40878,2023-04-26 21:01:02,2023-04-26 15:01:02-06:00,2023-04-27 02:01:58,2023-04-26 20:01:58-06:00,Iridium,46.66433,-113.92537,1380,2.6,3D Valid,Nothing Detected,27,3.36,3.68,Animal with Collar 40878
40878,2023-04-26 20:00:15,2023-04-26 14:00:15-06:00,2023-04-27 02:01:58,2023-04-26 20:01:58-06:00,Iridium,46.66657,-113.93317,1420,4.6,3D Valid,Nothing Detected,28,3.36,3.68,Animal with Collar 40878
40878,2023-04-26 19:00:10,2023-04-26 13:00:10-06:00,2023-04-27 02:01:58,2023-04-26 20:01:58-06:00,Iridium,46.66882,-113.93724,1390,3.6,3D Valid,Nothing Detected,26,3.36,3.68,Animal with Collar 40878
40878,2023-04-26 18:01:32,2023-04-26 12:01:32-06:00,2023-04-26 18:02:31,2023-04-26 12:02:31-06:00,Iridium,46.66908,-113.93687,1376,3.6,3D Valid,Nothing Detected,26,3.36,3.68,Animal with Collar 40878
40878,2023-04-26 17:00:10,2023-04-26 11:00:10-06:00,2023-04-26 18:02:31,2023-04-26 12:02:31-06:00,Iridium,46.67145,-113.93611,1423,2.6,3D Valid,Nothing Detected,25,3.36,3.68,Animal with Collar 40878
40878,2023-04-26 16:00:14,2023-04-26 10:00:14-06:00,2023-04-26 18:02:31,2023-04-26 12:02:31-06:00,Iridium,46.67139,-113.93602,1453,2.4,3D Valid,Nothing Detected,18,3.44,3.68,Animal with Collar 40878
40878,2023-04-26 15:00:38,2023-04-26 09:00:38-06:00,2023-04-26 18:02:31,2023-04-26 12:02:31-06:00,Iridium,46.67146,-113.93615,1435,2,3D Valid,Nothing Detected,14,3.44,3.68,Animal with Collar 40878
40878,2023-04-26 14:00:38,2023-04-26 08:00:38-06:00,2023-04-27 02:02:09,2023-04-26 20:02:09-06:00,Iridium,46.67165,-113.93597,1481,4.4,3D Valid,Nothing Detected,11,3.44,3.68,Animal with Collar 40878
40878,2023-04-26 13:00:40,2023-04-26 07:00:40-06:00,2023-04-27 02:02:09,2023-04-26 20:02:09-06:00,Iridium,46.67141,-113.93614,1440,3.8,3D Valid,Nothing Detected,12,3.44,3.68,Animal with Collar 40878
40878,2023-04-26 12:02:42,2023-04-26 06:02:42-06:00,2023-04-27 02:02:09,2023-04-26 20:02:09-06:00,Iridium,46.67144,-113.93613,1432,3.2,3D Valid,Nothing Detected,12,3.44,3.68,Animal with Collar 40878
40878,2023-04-26 11:00:16,2023-04-26 05:00:16-06:00,2023-04-27 02:02:09,2023-04-26 20:02:09-06:00,Iridium,46.67146,-113.93574,1476,2.4,3D Valid,Nothing Detected,12,3.44,3.68,Animal with Collar 40878
40878,2023-04-26 10:00:36,2023-04-26 04:00:36-06:00,2023-04-27 02:02:19,2023-04-26 20:02:19-06:00,Iridium,46.67144,-113.93623,1440,2.4,3D Valid,Nothing Detected,12,3.44,3.68,Animal with Collar 40878
40878,2023-04-26 09:00:10,2023-04-26 03:00:10-06:00,2023-04-27 02:02:19,2023-04-26 20:02:19-06:00,Iridium,46.67147,-113.93621,1437,3.4,3D Valid,Nothing Detected,13,3.44,3.68,Animal with Collar 40878
40878,2023-04-26 08:00:38,2023-04-26 02:00:38-06:00,2023-04-27 02:02:19,2023-04-26 20:02:19-06:00,Iridium,46.67153,-113.93622,1428,2.2,3D Valid,Nothing Detected,13,3.44,3.68,Animal with Collar 40878
40878,2023-04-26 07:01:12,2023-04-26 01:01:12-06:00,2023-04-27 02:02:19,2023-04-26 20:02:19-06:00,Iridium,46.67152,-113.93640,1423,3.2,3D Valid,Nothing Detected,15,3.44,3.68,Animal with Collar 40878
40878,2023-04-26 06:01:12,2023-04-26 00:01:12-06:00,2023-04-27 02:02:30,2023-04-26 20:02:30-06:00,Iridium,46.67147,-113.93645,1404,3.6,3D Valid,Nothing Detected,14,3.44,3.68,Animal with Collar 40878
40878,2023-04-26 05:00:36,2023-04-25 23:00:36-06:00,2023-04-27 02:02:30,2023-04-26 20:02:30-06:00,Iridium,46.67144,-113.93620,1456,1.8,3D Valid,Nothing Detected,14,3.44,3.68,Animal with Collar 40878
40878,2023-04-26 04:00:12,2023-04-25 22:00:12-06:00,2023-04-27 02:02:30,2023-04-26 20:02:30-06:00,Iridium,46.67130,-113.93621,1452,3.8,3D Valid,Nothing Detected,12,3.44,3.68,Animal with Collar 40878
40878,2023-04-26 03:00:38,2023-04-25 21:00:38-06:00,2023-04-27 02:02:30,2023-04-26 20:02:30-06:00,Iridium,46.67148,-113.93632,1425,2.8,3D Valid,Nothing Detected,15,3.36,3.68,Animal with Collar 40878
40878,2023-04-26 02:00:13,2023-04-25 20:00:13-06:00,2023-04-27 02:02:39,2023-04-26 20:02:39-06:00,Iridium,46.67136,-113.93606,1490,2.8,3D Valid,Nothing Detected,19,3.36,3.68,Animal with Collar 40878
40878,2023-04-26 01:00:09,2023-04-25 19:00:09-06:00,2023-04-27 02:02:39,2023-04-26 20:02:39-06:00,Iridium,46.67198,-113.93484,1474,2.2,3D Valid,Nothing Detected,20,3.36,3.68,Animal with Collar 40878
40878,2023-04-26 00:00:34,2023-04-25 18:00:34-06:00,2023-04-27 02:02:39,2023-04-26 20:02:39-06:00,Iridium,46.67210,-113.93439,1472,2,3D Valid,Nothing Detected,22,3.36,3.68,Animal with Collar 40878
40878,2023-04-25 23:00:19,2023-04-25 17:00:19-06:00,2023-04-27 02:02:39,2023-04-26 20:02:39-06:00,Iridium,46.67290,-113.93410,1468,9,3D Valid,Nothing Detected,23,3.36,3.68,Animal with Collar 40878
40878,2023-04-25 22:01:09,2023-04-25 16:01:09-06:00,2023-04-27 02:03:28,2023-04-26 20:03:28-06:00,Iridium,46.66980,-113.93626,1466,7.6,3D Valid,Nothing Detected,23,3.36,3.68,Animal with Collar 40878
40878,2023-04-25 21:00:10,2023-04-25 15:00:10-06:00,2023-04-27 02:03:28,2023-04-26 20:03:28-06:00,Iridium,46.66918,-113.93709,1421,2.2,3D Valid,Nothing Detected,24,3.36,3.68,Animal with Collar 40878
40878,2023-04-25 20:01:03,2023-04-25 14:01:03-06:00,2023-04-27 02:03:28,2023-04-26 20:03:28-06:00,Iridium,46.66921,-113.93678,1407,2.4,3D Valid,Nothing Detected,23,3.36,3.68,Animal with Collar 40878
40878,2023-04-25 18:00:40,2023-04-25 12:00:40-06:00,2023-04-27 10:01:01,2023-04-27 04:01:01-06:00,Iridium,46.66710,-113.93778,1395,3.8,3D Valid,Nothing Detected,32,3.36,3.68,Animal with Collar 40878
40878,2023-04-25 17:00:13,2023-04-25 11:00:13-06:00,2023-04-27 10:01:01,2023-04-27 04:01:01-06:00,Iridium,46.66679,-113.93879,1380,3,3D Valid,Nothing Detected,19,3.36,3.68,Animal with Collar 40878
40878,2023-04-25 16:00:38,2023-04-25 10:00:38-06:00,2023-04-27 10:01:01,2023-04-27 04:01:01-06:00,Iridium,46.66736,-113.93956,1411,2,3D Valid,Nothing Detected,16,3.44,3.68,Animal with Collar 40878
40878,2023-04-25 15:00:18,2023-04-25 09:00:18-06:00,2023-04-27 10:01:01,2023-04-27 04:01:01-06:00,Iridium,46.66788,-113.93937,1420,4.4,3D Valid,Nothing Detected,14,3.44,3.68,Animal with Collar 40878
40878,2023-04-25 14:00:38,2023-04-25 08:00:38-06:00,2023-04-27 10:01:08,2023-04-27 04:01:08-06:00,Iridium,46.66747,-113.93948,1395,1.8,3D Valid,Nothing Detected,12,3.44,3.68,Animal with Collar 40878
40878,2023-04-25 13:00:15,2023-04-25 07:00:15-06:00,2023-04-27 10:01:08,2023-04-27 04:01:08-06:00,Iridium,46.66778,-113.93942,1359,3,3D Valid,Nothing Detected,9,3.44,3.68,Animal with Collar 40878
40878,2023-04-25 12:01:02,2023-04-25 06:01:02-06:00,2023-04-27 10:01:08,2023-04-27 04:01:08-06:00,Iridium,46.66788,-113.93941,1357,3.4,3D Valid,Nothing Detected,11,3.44,3.68,Animal with Collar 40878
40878,2023-04-25 11:00:10,2023-04-25 05:00:10-06:00,2023-04-27 10:01:08,2023-04-27 04:01:08-06:00,Iridium,46.66760,-113.93940,1337,6,3D Valid,Nothing Detected,12,3.44,3.68,Animal with Collar 40878
40878,2023-04-25 10:01:08,2023-04-25 04:01:08-06:00,2023-04-27 10:01:18,2023-04-27 04:01:18-06:00,Iridium,46.66743,-113.93942,1374,3.8,3D Valid,Nothing Detected,13,3.44,3.68,Animal with Collar 40878
40878,2023-04-25 09:00:13,2023-04-25 03:00:13-06:00,2023-04-27 10:01:18,2023-04-27 04:01:18-06:00,Iridium,46.66734,-113.93949,1389,2.8,3D Valid,Nothing Detected,13,3.44,3.68,Animal with Collar 40878
40878,2023-04-25 08:00:38,2023-04-25 02:00:38-06:00,2023-04-27 10:01:18,2023-04-27 04:01:18-06:00,Iridium,46.66737,-113.93957,1381,2.2,3D Valid,Nothing Detected,14,3.44,3.68,Animal with Collar 40878
40878,2023-04-25 07:00:12,2023-04-25 01:00:12-06:00,2023-04-27 10:01:18,2023-04-27 04:01:18-06:00,Iridium,46.66737,-113.93964,1391,3.6,3D Valid,Nothing Detected,14,3.44,3.68,Animal with Collar 40878
40878,2023-04-25 06:00:40,2023-04-25 00:00:40-06:00,2023-04-27 10:01:25,2023-04-27 04:01:25-06:00,Iridium,46.66743,-113.93951,1376,2,3D Valid,Nothing Detected,13,3.44,3.68,Animal with Collar 40878
40878,2023-04-25 05:00:38,2023-04-24 23:00:38-06:00,2023-04-27 10:01:25,2023-04-27 04:01:25-06:00,Iridium,46.66750,-113.93947,1350,3.6,3D Valid,Nothing Detected,13,3.44,3.68,Animal with Collar 40878
40878,2023-04-25 04:00:11,2023-04-24 22:00:11-06:00,2023-04-27 10:01:25,2023-04-27 04:01:25-06:00,Iridium,46.66713,-113.93781,1391,5.6,3D Valid,Nothing Detected,18,3.36,3.68,Animal with Collar 40878
40878,2023-04-25 03:00:12,2023-04-24 21:00:12-06:00,2023-04-27 10:01:25,2023-04-27 04:01:25-06:00,Iridium,46.66711,-113.93788,1385,4.8,3D Valid,Nothing Detected,18,3.36,3.68,Animal with Collar 40878
40878,2023-04-25 02:00:38,2023-04-24 20:00:38-06:00,2023-04-25 02:01:12,2023-04-24 20:01:12-06:00,Iridium,46.66683,-113.93852,1387,1.6,3D Valid,Nothing Detected,16,3.36,3.68,Animal with Collar 40878
40878,2023-04-25 01:00:39,2023-04-24 19:00:39-06:00,2023-04-25 02:01:12,2023-04-24 20:01:12-06:00,Iridium,46.66783,-113.93750,1365,5.2,3D Valid,Nothing Detected,14,3.36,3.68,Animal with Collar 40878
40878,2023-04-24 23:00:09,2023-04-24 17:00:09-06:00,2023-04-25 02:01:12,2023-04-24 20:01:12-06:00,Iridium,46.66628,-113.93823,1368,3.6,3D Valid,Nothing Detected,18,3.36,3.68,Animal with Collar 40878
40878,2023-04-24 22:00:10,2023-04-24 16:00:10-06:00,2023-04-25 02:01:23,2023-04-24 20:01:23-06:00,Iridium,46.66662,-113.93793,1371,7.2,3D Valid,Nothing Detected,16,3.36,3.68,Animal with Collar 40878
40878,2023-04-24 21:00:38,2023-04-24 15:00:38-06:00,2023-04-25 02:01:23,2023-04-24 20:01:23-06:00,Iridium,46.66735,-113.93870,1394,1.4,3D Valid,Nothing Detected,15,3.36,3.68,Animal with Collar 40878
40878,2023-04-24 20:00:24,2023-04-24 14:00:24-06:00,2023-04-25 02:01:23,2023-04-24 20:01:23-06:00,Iridium,46.66901,-113.93735,1398,4.4,3D Valid,Nothing Detected,16,3.36,3.68,Animal with Collar 40878
40878,2023-04-24 19:00:40,2023-04-24 13:00:40-06:00,2023-04-25 02:01:23,2023-04-24 20:01:23-06:00,Iridium,46.66907,-113.93742,1380,2.8,3D Valid,Nothing Detected,12,3.36,3.68,Animal with Collar 40878
40878,2023-04-24 18:00:38,2023-04-24 12:00:38-06:00,2023-04-28 14:02:43,2023-04-28 08:02:43-06:00,Iridium,46.66895,-113.93715,1407,1.8,3D Valid,Nothing Detected,13,3.44,3.68,Animal with Collar 40878
40878,2023-04-24 17:00:12,2023-04-24 11:00:12-06:00,2023-04-28 14:02:43,2023-04-28 08:02:43-06:00,Iridium,46.66845,-113.93678,1368,2,3D Valid,Nothing Detected,13,3.44,3.68,Animal with Collar 40878
40878,2023-04-24 16:00:38,2023-04-24 10:00:38-06:00,2023-04-28 14:02:43,2023-04-28 08:02:43-06:00,Iridium,46.66900,-113.93738,1399,2,3D Valid,Nothing Detected,11,3.36,3.68,Animal with Collar 40878
40878,2023-04-24 15:00:38,2023-04-24 09:00:38-06:00,2023-04-28 14:02:43,2023-04-28 08:02:43-06:00,Iridium,46.66900,-113.93733,1377,2.2,3D Valid,Nothing Detected,14,3.36,3.68,Animal with Collar 40878
40878,2023-04-24 14:00:09,2023-04-24 08:00:09-06:00,2023-04-28 14:02:58,2023-04-28 08:02:58-06:00,Iridium,46.66907,-113.93737,1386,2.4,3D Valid,Nothing Detected,14,3.44,3.68,Animal with Collar 40878
40878,2023-04-24 13:00:35,2023-04-24 07:00:35-06:00,2023-04-28 14:02:58,2023-04-28 08:02:58-06:00,Iridium,46.66901,-113.93732,1400,2.4,3D Valid,Nothing Detected,15,3.44,3.68,Animal with Collar 40878
40878,2023-04-24 12:01:32,2023-04-24 06:01:32-06:00,2023-04-28 14:02:58,2023-04-28 08:02:58-06:00,Iridium,46.66904,-113.93737,1406,3,3D Valid,Nothing Detected,16,3.44,3.68,Animal with Collar 40878
40878,2023-04-24 11:00:38,2023-04-24 05:00:38-06:00,2023-04-28 14:02:58,2023-04-28 08:02:58-06:00,Iridium,46.66902,-113.93736,1391,2.4,3D Valid,Nothing Detected,15,3.44,3.68,Animal with Collar 40878
40878,2023-04-24 10:00:30,2023-04-24 04:00:30-06:00,2023-04-28 14:03:05,2023-04-28 08:03:05-06:00,Iridium,46.66889,-113.93693,1548,6.4,3D Valid,Nothing Detected,15,3.44,3.68,Animal with Collar 40878
40878,2023-04-24 09:00:40,2023-04-24 03:00:40-06:00,2023-04-28 14:03:05,2023-04-28 08:03:05-06:00,Iridium,46.66901,-113.93735,1407,2.4,3D Valid,Nothing Detected,15,3.44,3.68,Animal with Collar 40878
40878,2023-04-24 08:00:12,2023-04-24 02:00:12-06:00,2023-04-28 14:03:05,2023-04-28 08:03:05-06:00,Iridium,46.66891,-113.93739,1392,4.6,3D Valid,Nothing Detected,15,3.44,3.68,Animal with Collar 40878
40878,2023-04-24 07:00:19,2023-04-24 01:00:19-06:00,2023-04-28 14:03:05,2023-04-28 08:03:05-06:00,Iridium,46.66891,-113.93735,1392,3,3D Valid,Nothing Detected,15,3.44,3.68,Animal with Collar 40878
40878,2023-04-24 06:00:39,2023-04-24 00:00:39-06:00,2023-04-28 14:03:13,2023-04-28 08:03:13-06:00,Iridium,46.66892,-113.93737,1404,2,3D Valid,Nothing Detected,15,3.44,3.68,Animal with Collar 40878
40878,2023-04-24 05:00:10,2023-04-23 23:00:10-06:00,2023-04-28 14:03:13,2023-04-28 08:03:13-06:00,Iridium,46.66912,-113.93749,1376,2.8,3D Valid,Nothing Detected,17,3.44,3.68,Animal with Collar 40878
40878,2023-04-24 04:00:40,2023-04-23 22:00:40-06:00,2023-04-28 14:03:13,2023-04-28 08:03:13-06:00,Iridium,46.66891,-113.93739,1392,3,3D Valid,Nothing Detected,21,3.36,3.68,Animal with Collar 40878
40878,2023-04-24 03:00:40,2023-04-23 21:00:40-06:00,2023-04-28 14:03:13,2023-04-28 08:03:13-06:00,Iridium,46.66878,-113.93735,1422,2.4,3D Valid,Nothing Detected,17,3.44,3.68,Animal with Collar 40878
40878,2023-04-24 02:00:10,2023-04-23 20:00:10-06:00,2023-04-28 14:03:23,2023-04-28 08:03:23-06:00,Iridium,46.66901,-113.93736,1395,3.6,3D Valid,Nothing Detected,22,3.44,3.68,Animal with Collar 40878
40878,2023-04-24 01:01:02,2023-04-23 19:01:02-06:00,2023-04-28 14:03:23,2023-04-28 08:03:23-06:00,Iridium,46.66901,-113.93731,1403,2.4,3D Valid,Nothing Detected,24,3.36,3.68,Animal with Collar 40878
40878,2023-04-24 00:00:40,2023-04-23 18:00:40-06:00,2023-04-28 14:03:23,2023-04-28 08:03:23-06:00,Iridium,46.66908,-113.93739,1405,2.4,3D Valid,Nothing Detected,25,3.36,3.68,Animal with Collar 40878
40878,2023-04-23 23:00:11,2023-04-23 17:00:11-06:00,2023-04-28 14:03:23,2023-04-28 08:03:23-06:00,Iridium,46.66958,-113.93745,1432,2.4,3D Valid,Nothing Detected,24,3.44,3.68,Animal with Collar 40878
40878,2023-04-23 22:00:39,2023-04-23 16:00:39-06:00,2023-04-23 22:02:44,2023-04-23 16:02:44-06:00,Iridium,46.66967,-113.93763,1458,2.6,3D Valid,Nothing Detected,30,3.36,3.68,Animal with Collar 40878
40878,2023-04-23 21:00:12,2023-04-23 15:00:12-06:00,2023-04-23 22:02:44,2023-04-23 16:02:44-06:00,Iridium,46.67106,-113.94049,1412,3.8,3D Valid,Nothing Detected,29,3.36,3.68,Animal with Collar 40878
40878,2023-04-23 20:00:10,2023-04-23 14:00:10-06:00,2023-04-23 22:02:44,2023-04-23 16:02:44-06:00,Iridium,46.67094,-113.93697,1440,2.6,3D Valid,Nothing Detected,32,3.44,3.68,Animal with Collar 40878
40878,2023-04-23 19:00:38,2023-04-23 13:00:38-06:00,2023-04-23 22:02:44,2023-04-23 16:02:44-06:00,Iridium,46.67068,-113.93673,1437,2,3D Valid,Nothing Detected,27,3.36,3.68,Animal with Collar 40878
40878,2023-04-23 18:01:08,2023-04-23 12:01:08-06:00,2023-04-23 22:02:51,2023-04-23 16:02:51-06:00,Iridium,46.66929,-113.93672,1380,3.8,3D Valid,Nothing Detected,21,3.36,3.68,Animal with Collar 40878
40878,2023-04-23 17:00:38,2023-04-23 11:00:38-06:00,2023-04-23 22:02:51,2023-04-23 16:02:51-06:00,Iridium,46.66861,-113.93745,1404,4,3D Valid,Nothing Detected,16,3.44,3.68,Animal with Collar 40878
40878,2023-04-23 16:00:09,2023-04-23 10:00:09-06:00,2023-04-23 22:02:51,2023-04-23 16:02:51-06:00,Iridium,46.66890,-113.93742,1391,3.6,3D Valid,Nothing Detected,14,3.44,3.68,Animal with Collar 40878
40878,2023-04-23 15:01:02,2023-04-23 09:01:02-06:00,2023-04-23 22:02:51,2023-04-23 16:02:51-06:00,Iridium,46.66911,-113.93752,1368,2.8,3D Valid,Nothing Detected,13,3.44,3.68,Animal with Collar 40878
40878,2023-04-23 14:02:32,2023-04-23 08:02:32-06:00,2023-04-23 14:03:22,2023-04-23 08:03:22-06:00,Iridium,46.66909,-113.93733,1400,2.6,3D Valid,Nothing Detected,12,3.36,3.68,Animal with Collar 40878
40878,2023-04-23 13:00:16,2023-04-23 07:00:16-06:00,2023-04-23 14:03:22,2023-04-23 08:03:22-06:00,Iridium,46.66907,-113.93698,1435,4,3D Valid,Nothing Detected,9,3.44,3.68,Animal with Collar 40878
40878,2023-04-23 12:01:02,2023-04-23 06:01:02-06:00,2023-04-23 14:03:22,2023-04-23 08:03:22-06:00,Iridium,46.66895,-113.93740,1371,3.4,3D Valid,Nothing Detected,11,3.44,3.68,Animal with Collar 40878
40878,2023-04-23 11:00:38,2023-04-23 05:00:38-06:00,2023-04-23 14:03:22,2023-04-23 08:03:22-06:00,Iridium,46.66902,-113.93736,1391,2.6,3D Valid,Nothing Detected,9,3.44,3.68,Animal with Collar 40878
40878,2023-04-23 10:00:38,2023-04-23 04:00:38-06:00,2023-04-23 14:03:33,2023-04-23 08:03:33-06:00,Iridium,46.66898,-113.93720,1396,7.2,3D Valid,Nothing Detected,8,3.44,3.68,Animal with Collar 40878
40878,2023-04-23 09:00:38,2023-04-23 03:00:38-06:00,2023-04-23 14:03:33,2023-04-23 08:03:33-06:00,Iridium,46.66914,-113.93734,1387,4,3D Valid,Nothing Detected,10,3.44,3.68,Animal with Collar 40878
40878,2023-04-23 08:00:43,2023-04-23 02:00:43-06:00,2023-04-23 14:03:33,2023-04-23 08:03:33-06:00,Iridium,46.66906,-113.93716,1401,2.8,3D Valid,Nothing Detected,11,3.44,3.68,Animal with Collar 40878
40878,2023-04-23 07:00:10,2023-04-23 01:00:10-06:00,2023-04-23 14:03:33,2023-04-23 08:03:33-06:00,Iridium,46.66892,-113.93734,1355,3.6,3D Valid,Nothing Detected,9,3.44,3.68,Animal with Collar 40878
40878,2023-04-23 06:00:56,2023-04-23 00:00:56-06:00,2023-04-23 06:01:33,2023-04-23 00:01:33-06:00,Iridium,46.66876,-113.93745,1446,5.8,3D Valid,Nothing Detected,11,3.44,3.68,Animal with Collar 40878
40878,2023-04-23 05:00:10,2023-04-22 23:00:10-06:00,2023-04-23 06:01:33,2023-04-23 00:01:33-06:00,Iridium,46.66905,-113.93746,1383,2,3D Valid,Nothing Detected,11,3.44,3.68,Animal with Collar 40878
40878,2023-04-23 04:00:10,2023-04-22 22:00:10-06:00,2023-04-23 06:01:33,2023-04-23 00:01:33-06:00,Iridium,46.66903,-113.93737,1404,3.4,3D Valid,Nothing Detected,14,3.36,3.68,Animal with Collar 40878
40878,2023-04-23 03:00:40,2023-04-22 21:00:40-06:00,2023-04-23 06:01:33,2023-04-23 00:01:33-06:00,Iridium,46.66904,-113.93737,1406,2,3D Valid,Nothing Detected,17,3.36,3.68,Animal with Collar 40878
40878,2023-04-23 02:00:17,2023-04-22 20:00:17-06:00,2023-04-23 02:00:39,2023-04-22 20:00:39-06:00,Iridium,46.66733,-113.93872,1417,5.2,3D Valid,Nothing Detected,18,3.36,3.68,Animal with Collar 40878
40878,2023-04-23 01:00:40,2023-04-22 19:00:40-06:00,2023-04-23 02:00:39,2023-04-22 20:00:39-06:00,Iridium,46.66740,-113.93944,1388,2.6,3D Valid,Nothing Detected,17,3.36,3.68,Animal with Collar 40878
40878,2023-04-23 00:00:08,2023-04-22 18:00:08-06:00,2023-04-23 02:00:39,2023-04-22 20:00:39-06:00,Iridium,46.66740,-113.93968,1385,2.6,3D Valid,Nothing Detected,18,3.36,3.68,Animal with Collar 40878
40878,2023-04-22 23:00:09,2023-04-22 17:00:09-06:00,2023-04-23 02:00:39,2023-04-22 20:00:39-06:00,Iridium,46.66698,-113.94030,1382,2.2,3D Valid,Nothing Detected,20,3.36,3.68,Animal with Collar 40878
40878,2023-04-22 22:55:39,2023-04-22 16:55:39-06:00,2023-04-22 22:56:00,2023-04-22 16:56:00-06:00,Iridium,46.66713,-113.93988,1381,2.2,3D Valid,Nothing Detected,20,3.36,3.68,Animal with Collar 40878
40878,2023-04-21 22:00:40,2023-04-21 16:00:40-06:00,2023-04-22 22:56:00,2023-04-22 16:56:00-06:00,Iridium,46.66902,-113.93735,1386,2.6,3D Valid,Nothing Detected,11,3.44,3.68,Animal with Collar 40878
40878,2023-04-21 21:00:11,2023-04-21 15:00:11-06:00,2023-04-22 22:56:00,2023-04-22 16:56:00-06:00,Iridium,46.66901,-113.93738,1393,2.4,3D Valid,Nothing Detected,10,3.44,3.68,Animal with Collar 40878
40878,2023-04-21 20:00:38,2023-04-21 14:00:38-06:00,2023-04-22 22:56:00,2023-04-22 16:56:00-06:00,Iridium,46.66900,-113.93724,1410,2.8,3D Valid,Nothing Detected,11,3.36,3.68,Animal with Collar 40878
40878,2023-04-21 19:00:12,2023-04-21 13:00:12-06:00,2023-04-22 22:56:07,2023-04-22 16:56:07-06:00,Iridium,46.66906,-113.93747,1432,3,3D Valid,Nothing Detected,11,3.44,3.68,Animal with Collar 40878
40878,2023-04-21 18:00:37,2023-04-21 12:00:37-06:00,2023-04-22 22:56:07,2023-04-22 16:56:07-06:00,Iridium,46.66899,-113.93739,1394,1.6,3D Valid,Nothing Detected,13,3.44,3.68,Animal with Collar 40878
40878,2023-04-21 17:00:08,2023-04-21 11:00:08-06:00,2023-04-22 22:56:07,2023-04-22 16:56:07-06:00,Iridium,46.66899,-113.93738,1403,2.2,3D Valid,Nothing Detected,12,3.44,3.68,Animal with Collar 40878
40878,2023-04-21 16:00:40,2023-04-21 10:00:40-06:00,2023-04-22 22:56:07,2023-04-22 16:56:07-06:00,Iridium,46.66891,-113.93759,1420,1.8,3D Valid,Nothing Detected,11,3.44,3.68,Animal with Collar 40878
40878,2023-04-21 15:00:45,2023-04-21 09:00:45-06:00,2023-04-22 22:56:16,2023-04-22 16:56:16-06:00,Iridium,46.66900,-113.93732,1391,4.6,3D Valid,Nothing Detected,11,3.44,3.68,Animal with Collar 40878
40878,2023-04-21 14:00:38,2023-04-21 08:00:38-06:00,2023-04-22 22:56:16,2023-04-22 16:56:16-06:00,Iridium,46.66904,-113.93740,1397,2.6,3D Valid,Nothing Detected,10,3.44,3.68,Animal with Collar 40878
40878,2023-04-21 13:00:40,2023-04-21 07:00:40-06:00,2023-04-22 22:56:16,2023-04-22 16:56:16-06:00,Iridium,46.66904,-113.93735,1417,3.6,3D Valid,Nothing Detected,11,3.44,3.68,Animal with Collar 40878
40878,2023-04-21 12:00:12,2023-04-21 06:00:12-06:00,2023-04-22 22:56:16,2023-04-22 16:56:16-06:00,Iridium,46.66898,-113.93761,1401,2.8,3D Valid,Nothing Detected,11,3.44,3.68,Animal with Collar 40878
40878,2023-04-21 11:01:10,2023-04-21 05:01:10-06:00,2023-04-22 22:56:26,2023-04-22 16:56:26-06:00,Iridium,46.66890,-113.93747,1407,2.8,3D Valid,Nothing Detected,12,3.44,3.68,Animal with Collar 40878
40878,2023-04-21 10:00:36,2023-04-21 04:00:36-06:00,2023-04-22 22:56:26,2023-04-22 16:56:26-06:00,Iridium,46.66898,-113.93739,1437,4,3D Valid,Nothing Detected,12,3.44,3.68,Animal with Collar 40878
40878,2023-04-21 09:00:36,2023-04-21 03:00:36-06:00,2023-04-22 22:56:26,2023-04-22 16:56:26-06:00,Iridium,46.66911,-113.93737,1385,3.4,3D Valid,Nothing Detected,10,3.44,3.68,Animal with Collar 40878
40878,2023-04-21 08:00:11,2023-04-21 02:00:11-06:00,2023-04-22 22:56:26,2023-04-22 16:56:26-06:00,Iridium,46.66898,-113.93733,1400,4.2,3D Valid,Nothing Detected,11,3.44,3.68,Animal with Collar 40878
40878,2023-04-21 07:00:10,2023-04-21 01:00:10-06:00,2023-04-22 22:56:41,2023-04-22 16:56:41-06:00,Iridium,46.66894,-113.93746,1405,3.4,3D Valid,Nothing Detected,11,3.44,3.68,Animal with Collar 40878
40878,2023-04-21 06:00:36,2023-04-21 00:00:36-06:00,2023-04-22 22:56:41,2023-04-22 16:56:41-06:00,Iridium,46.66896,-113.93741,1414,3,3D Valid,Nothing Detected,11,3.44,3.68,Animal with Collar 40878
40878,2023-04-21 05:00:10,2023-04-20 23:00:10-06:00,2023-04-22 22:56:41,2023-04-22 16:56:41-06:00,Iridium,46.66900,-113.93758,1418,2.6,3D Valid,Nothing Detected,10,3.44,3.68,Animal with Collar 40878
40878,2023-04-21 04:00:37,2023-04-20 22:00:37-06:00,2023-04-21 04:01:23,2023-04-20 22:01:23-06:00,Iridium,46.66892,-113.93739,1402,3.2,3D Valid,Nothing Detected,10,3.44,3.68,Animal with Collar 40878
40878,2023-04-21 03:00:21,2023-04-20 21:00:21-06:00,2023-04-21 04:01:23,2023-04-20 22:01:23-06:00,Iridium,46.66909,-113.93684,1485,7.2,3D Valid,Nothing Detected,12,3.44,3.68,Animal with Collar 40878
40878,2023-04-21 02:00:17,2023-04-20 20:00:17-06:00,2023-04-21 04:01:23,2023-04-20 22:01:23-06:00,Iridium,46.66908,-113.93737,1382,3.8,3D Valid,Nothing Detected,21,3.36,3.68,Animal with Collar 40878
40878,2023-04-21 01:01:02,2023-04-20 19:01:02-06:00,2023-04-21 04:01:23,2023-04-20 22:01:23-06:00,Iridium,46.66900,-113.93726,1363,2.4,3D Valid,Nothing Detected,21,3.36,3.68,Animal with Collar 40878
40878,2023-04-21 00:00:17,2023-04-20 18:00:17-06:00,2023-04-21 00:00:42,2023-04-20 18:00:42-06:00,Iridium,46.66853,-113.93684,1421,6.4,3D Valid,Nothing Detected,17,3.36,3.68,Animal with Collar 40878
40878,2023-04-20 23:00:09,2023-04-20 17:00:09-06:00,2023-04-21 00:00:42,2023-04-20 18:00:42-06:00,Iridium,46.66906,-113.93740,1384,3.4,3D Valid,Nothing Detected,20,3.36,3.68,Animal with Collar 40878
40878,2023-04-20 22:00:37,2023-04-20 16:00:37-06:00,2023-04-21 00:00:42,2023-04-20 18:00:42-06:00,Iridium,46.66921,-113.93721,1379,4.6,3D Valid,Nothing Detected,20,3.36,3.68,Animal with Collar 40878
40878,2023-04-20 21:00:12,2023-04-20 15:00:12-06:00,2023-04-21 00:00:42,2023-04-20 18:00:42-06:00,Iridium,46.66929,-113.93751,1377,4.2,3D Valid,Nothing Detected,21,3.36,3.68,Animal with Collar 40878
40878,2023-04-20 20:00:09,2023-04-20 14:00:09-06:00,2023-04-21 00:00:51,2023-04-20 18:00:51-06:00,Iridium,46.66769,-113.93479,1383,2.6,3D Valid,Nothing Detected,22,3.36,3.68,Animal with Collar 40878
40878,2023-04-20 18:00:12,2023-04-20 12:00:12-06:00,2023-04-21 00:00:51,2023-04-20 18:00:51-06:00,Iridium,46.66367,-113.92845,1389,1.8,3D Valid,Nothing Detected,30,3.36,3.68,Animal with Collar 40878
40878,2023-04-20 17:00:09,2023-04-20 11:00:09-06:00,2023-04-21 00:00:51,2023-04-20 18:00:51-06:00,Iridium,46.66353,-113.92888,1382,2.8,3D Valid,Nothing Detected,20,3.36,3.68,Animal with Collar 40878
40878,2023-04-20 16:00:36,2023-04-20 10:00:36-06:00,2023-04-21 00:00:58,2023-04-20 18:00:58-06:00,Iridium,46.66314,-113.92886,1345,2.6,3D Valid,Nothing Detected,11,3.44,3.68,Animal with Collar 40878
40878,2023-04-20 15:00:38,2023-04-20 09:00:38-06:00,2023-04-21 00:00:58,2023-04-20 18:00:58-06:00,Iridium,46.66293,-113.92883,1381,2.6,3D Valid,Nothing Detected,12,3.44,3.68,Animal with Collar 40878
40878,2023-04-20 14:00:09,2023-04-20 08:00:09-06:00,2023-04-21 00:00:58,2023-04-20 18:00:58-06:00,Iridium,46.66306,-113.92877,1381,4.4,3D Valid,Nothing Detected,10,3.44,3.68,Animal with Collar 40878
40878,2023-04-20 13:00:36,2023-04-20 07:00:36-06:00,2023-04-21 00:00:58,2023-04-20 18:00:58-06:00,Iridium,46.66314,-113.92861,1409,5.4,3D Valid,Nothing Detected,8,3.44,3.68,Animal with Collar 40878
40878,2023-04-20 12:00:13,2023-04-20 06:00:13-06:00,2023-04-21 00:01:09,2023-04-20 18:01:09-06:00,Iridium,46.66330,-113.92881,1335,3.4,3D Valid,Nothing Detected,8,3.44,3.68,Animal with Collar 40878
40878,2023-04-20 11:01:36,2023-04-20 05:01:36-06:00,2023-04-21 00:01:09,2023-04-20 18:01:09-06:00,Iridium,46.66301,-113.92881,1365,2.8,3D Valid,Nothing Detected,10,3.44,3.68,Animal with Collar 40878
40878,2023-04-20 10:00:40,2023-04-20 04:00:40-06:00,2023-04-21 00:01:09,2023-04-20 18:01:09-06:00,Iridium,46.66305,-113.92876,1399,3.8,3D Valid,Nothing Detected,14,3.44,3.68,Animal with Collar 40878
40878,2023-04-20 09:00:10,2023-04-20 03:00:10-06:00,2023-04-21 00:01:09,2023-04-20 18:01:09-06:00,Iridium,46.66293,-113.92879,1381,2.4,3D Valid,Nothing Detected,13,3.44,3.68,Animal with Collar 40878
40878,2023-04-20 08:00:36,2023-04-20 02:00:36-06:00,2023-04-20 08:01:02,2023-04-20 02:01:02-06:00,Iridium,46.66319,-113.92888,1348,2.4,3D Valid,Nothing Detected,13,3.44,3.68,Animal with Collar 40878
40878,2023-04-20 07:00:09,2023-04-20 01:00:09-06:00,2023-04-20 08:01:02,2023-04-20 02:01:02-06:00,Iridium,46.66316,-113.92882,1396,4.2,3D Valid,Nothing Detected,13,3.44,3.68,Animal with Collar 40878
40878,2023-04-20 06:00:39,2023-04-20 00:00:39-06:00,2023-04-20 08:01:02,2023-04-20 02:01:02-06:00,Iridium,46.66309,-113.92885,1373,2.6,3D Valid,Nothing Detected,14,3.44,3.68,Animal with Collar 40878
40878,2023-04-20 05:00:14,2023-04-19 23:00:14-06:00,2023-04-20 08:01:02,2023-04-20 02:01:02-06:00,Iridium,46.66242,-113.92894,1413,4.6,3D Valid,Nothing Detected,12,3.44,3.68,Animal with Collar 40878
40878,2023-04-20 04:00:39,2023-04-19 22:00:39-06:00,2023-04-20 04:02:35,2023-04-19 22:02:35-06:00,Iridium,46.66308,-113.92883,1390,7.6,3D Valid,Nothing Detected,11,3.36,3.68,Animal with Collar 40878
40878,2023-04-20 03:00:18,2023-04-19 21:00:18-06:00,2023-04-20 04:02:35,2023-04-19 22:02:35-06:00,Iridium,46.66436,-113.92603,1418,7.4,3D Valid,Nothing Detected,13,3.36,3.68,Animal with Collar 40878
40878,2023-04-20 02:00:09,2023-04-19 20:00:09-06:00,2023-04-20 04:02:35,2023-04-19 22:02:35-06:00,Iridium,46.66334,-113.92683,1354,3,3D Valid,Nothing Detected,12,3.44,3.68,Animal with Collar 40878
40878,2023-04-20 01:00:39,2023-04-19 19:00:39-06:00,2023-04-20 04:02:35,2023-04-19 22:02:35-06:00,Iridium,46.66339,-113.92684,1366,2.4,3D Valid,Nothing Detected,16,3.36,3.68,Animal with Collar 40878
40878,2023-04-20 00:00:10,2023-04-19 18:00:10-06:00,2023-04-20 04:02:44,2023-04-19 22:02:44-06:00,Iridium,46.66341,-113.92682,1374,6.8,3D Valid,Nothing Detected,18,3.36,3.68,Animal with Collar 40878
40878,2023-04-19 23:00:09,2023-04-19 17:00:09-06:00,2023-04-20 04:02:44,2023-04-19 22:02:44-06:00,Iridium,46.66279,-113.92812,1363,3.6,3D Valid,Nothing Detected,16,3.36,3.68,Animal with Collar 40878
40878,2023-04-19 22:00:40,2023-04-19 16:00:40-06:00,2023-04-20 04:02:44,2023-04-19 22:02:44-06:00,Iridium,46.66308,-113.92882,1379,2.6,3D Valid,Nothing Detected,21,3.36,3.68,Animal with Collar 40878
40878,2023-04-19 21:00:10,2023-04-19 15:00:10-06:00,2023-04-20 04:02:44,2023-04-19 22:02:44-06:00,Iridium,46.66357,-113.92840,1397,4.2,3D Valid,Nothing Detected,23,3.36,3.68,Animal with Collar 40878
40878,2023-04-19 20:00:38,2023-04-19 14:00:38-06:00,2023-04-19 20:01:04,2023-04-19 14:01:04-06:00,Iridium,46.66353,-113.92857,1373,2.8,3D Valid,Nothing Detected,30,3.36,3.68,Animal with Collar 40878
40878,2023-04-19 19:00:40,2023-04-19 13:00:40-06:00,2023-04-19 20:01:04,2023-04-19 14:01:04-06:00,Iridium,46.66325,-113.92888,1348,4.6,3D Valid,Nothing Detected,15,3.36,3.68,Animal with Collar 40878
40878,2023-04-19 18:00:10,2023-04-19 12:00:10-06:00,2023-04-19 20:01:04,2023-04-19 14:01:04-06:00,Iridium,46.66282,-113.92889,1401,1.8,3D Valid,Nothing Detected,14,3.44,3.68,Animal with Collar 40878
40878,2023-04-19 17:00:10,2023-04-19 11:00:10-06:00,2023-04-19 20:01:04,2023-04-19 14:01:04-06:00,Iridium,46.66310,-113.92887,1369,3,3D Valid,Nothing Detected,11,3.44,3.68,Animal with Collar 40878
40878,2023-04-19 16:00:40,2023-04-19 10:00:40-06:00,2023-04-19 16:01:01,2023-04-19 10:01:01-06:00,Iridium,46.66306,-113.92895,1387,2.6,3D Valid,Nothing Detected,9,3.44,3.68,Animal with Collar 40878
40878,2023-04-19 15:00:09,2023-04-19 09:00:09-06:00,2023-04-19 16:01:01,2023-04-19 10:01:01-06:00,Iridium,46.66327,-113.92893,1379,2.8,3D Valid,Nothing Detected,9,3.44,3.68,Animal with Collar 40878
40878,2023-04-19 14:00:39,2023-04-19 08:00:39-06:00,2023-04-19 16:01:01,2023-04-19 10:01:01-06:00,Iridium,46.66312,-113.92882,1369,2.6,3D Valid,Nothing Detected,9,3.44,3.68,Animal with Collar 40878
40878,2023-04-19 13:00:38,2023-04-19 07:00:38-06:00,2023-04-19 16:01:01,2023-04-19 10:01:01-06:00,Iridium,46.66323,-113.92859,1418,6.4,3D Valid,Nothing Detected,10,3.44,3.68,Animal with Collar 40878
40878,2023-04-19 12:00:09,2023-04-19 06:00:09-06:00,2023-04-19 16:01:10,2023-04-19 10:01:10-06:00,Iridium,46.66370,-113.92905,1394,4.4,3D Valid,Nothing Detected,10,3.44,3.68,Animal with Collar 40878
40878,2023-04-19 11:00:56,2023-04-19 05:00:56-06:00,2023-04-19 16:01:10,2023-04-19 10:01:10-06:00,Iridium,46.66327,-113.92889,1374,3.2,3D Valid,Nothing Detected,10,3.44,3.68,Animal with Collar 40878
40878,2023-04-19 10:00:22,2023-04-19 04:00:22-06:00,2023-04-19 16:01:10,2023-04-19 10:01:10-06:00,Iridium,46.66300,-113.92883,1333,4.8,3D Valid,Nothing Detected,10,3.44,3.68,Animal with Collar 40878
40878,2023-04-19 09:00:38,2023-04-19 03:00:38-06:00,2023-04-19 16:01:10,2023-04-19 10:01:10-06:00,Iridium,46.66325,-113.92867,1400,2,3D Valid,Nothing Detected,9,3.44,3.68,Animal with Collar 40878
40878,2023-04-19 08:00:12,2023-04-19 02:00:12-06:00,2023-04-19 08:01:28,2023-04-19 02:01:28-06:00,Iridium,46.66308,-113.92876,1358,5.4,3D Valid,Nothing Detected,7,3.44,3.68,Animal with Collar 40878
40878,2023-04-19 07:00:38,2023-04-19 01:00:38-06:00,2023-04-19 08:01:28,2023-04-19 02:01:28-06:00,Iridium,46.66317,-113.92884,1370,3,3D Valid,Nothing Detected,10,3.44,3.68,Animal with Collar 40878
40878,2023-04-19 06:00:39,2023-04-19 00:00:39-06:00,2023-04-19 08:01:28,2023-04-19 02:01:28-06:00,Iridium,46.66307,-113.92888,1363,3,3D Valid,Nothing Detected,12,3.44,3.68,Animal with Collar 40878
40878,2023-04-19 05:00:09,2023-04-18 23:00:09-06:00,2023-04-19 08:01:28,2023-04-19 02:01:28-06:00,Iridium,46.66312,-113.92883,1372,3.8,3D Valid,Nothing Detected,10,3.44,3.68,Animal with Collar 40878
40878,2023-04-19 04:00:09,2023-04-18 22:00:09-06:00,2023-04-19 04:00:34,2023-04-18 22:00:34-06:00,Iridium,46.66298,-113.92882,1396,2.4,3D Valid,Nothing Detected,12,3.44,3.68,Animal with Collar 40878
40878,2023-04-19 03:00:40,2023-04-18 21:00:40-06:00,2023-04-19 04:00:34,2023-04-18 22:00:34-06:00,Iridium,46.66312,-113.92896,1383,2.2,3D Valid,Nothing Detected,10,3.44,3.68,Animal with Collar 40878
40878,2023-04-19 02:00:09,2023-04-18 20:00:09-06:00,2023-04-19 04:00:34,2023-04-18 22:00:34-06:00,Iridium,46.66300,-113.92889,1396,4,3D Valid,Nothing Detected,11,3.44,3.68,Animal with Collar 40878
40878,2023-04-19 01:00:39,2023-04-18 19:00:39-06:00,2023-04-19 04:00:34,2023-04-18 22:00:34-06:00,Iridium,46.66309,-113.92886,1392,3.6,3D Valid,Nothing Detected,10,3.44,3.68,Animal with Collar 40878
40878,2023-04-19 00:00:13,2023-04-18 18:00:13-06:00,2023-04-19 04:00:46,2023-04-18 22:00:46-06:00,Iridium,46.66316,-113.92893,1369,7,3D Valid,Nothing Detected,12,3.44,3.68,Animal with Collar 40878
40878,2023-04-18 23:00:11,2023-04-18 17:00:11-06:00,2023-04-19 04:00:46,2023-04-18 22:00:46-06:00,Iridium,46.66335,-113.92900,1351,3.8,3D Valid,Nothing Detected,13,3.36,3.68,Animal with Collar 40878
40878,2023-04-18 22:00:39,2023-04-18 16:00:39-06:00,2023-04-19 04:00:46,2023-04-18 22:00:46-06:00,Iridium,46.66316,-113.92888,1366,4,3D Valid,Nothing Detected,11,3.36,3.68,Animal with Collar 40878
40878,2023-04-18 21:00:11,2023-04-18 15:00:11-06:00,2023-04-19 04:00:46,2023-04-18 22:00:46-06:00,Iridium,46.66328,-113.92898,1377,4,3D Valid,Nothing Detected,12,3.44,3.68,Animal with Collar 40878
40878,2023-04-18 20:00:38,2023-04-18 14:00:38-06:00,2023-04-19 08:01:55,2023-04-19 02:01:55-06:00,Iridium,46.66307,-113.92914,1427,2.8,3D Valid,Nothing Detected,11,3.44,3.68,Animal with Collar 40878
40878,2023-04-18 19:00:11,2023-04-18 13:00:11-06:00,2023-04-19 08:01:55,2023-04-19 02:01:55-06:00,Iridium,46.66327,-113.92892,1362,3.2,3D Valid,Nothing Detected,12,3.44,3.68,Animal with Collar 40878
40878,2023-04-18 18:00:38,2023-04-18 12:00:38-06:00,2023-04-19 08:01:55,2023-04-19 02:01:55-06:00,Iridium,46.66317,-113.92882,1375,1.6,3D Valid,Nothing Detected,11,3.44,3.68,Animal with Collar 40878
40878,2023-04-18 17:00:10,2023-04-18 11:00:10-06:00,2023-04-19 08:01:55,2023-04-19 02:01:55-06:00,Iridium,46.66336,-113.92915,1385,1.8,3D Valid,Nothing Detected,11,3.44,3.68,Animal with Collar 40878
40878,2023-04-18 16:00:40,2023-04-18 10:00:40-06:00,2023-04-19 08:02:03,2023-04-19 02:02:03-06:00,Iridium,46.66324,-113.92896,1371,2.8,3D Valid,Nothing Detected,12,3.44,3.68,Animal with Collar 40878
40878,2023-04-18 15:00:24,2023-04-18 09:00:24-06:00,2023-04-19 08:02:03,2023-04-19 02:02:03-06:00,Iridium,46.66334,-113.92903,1377,3,3D Valid,Nothing Detected,9,3.44,3.68,Animal with Collar 40878
40878,2023-04-18 14:00:40,2023-04-18 08:00:40-06:00,2023-04-19 08:02:03,2023-04-19 02:02:03-06:00,Iridium,46.66329,-113.92873,1390,2.2,3D Valid,Nothing Detected,11,3.44,3.68,Animal with Collar 40878
40878,2023-04-18 13:00:38,2023-04-18 07:00:38-06:00,2023-04-19 08:02:03,2023-04-19 02:02:03-06:00,Iridium,46.66323,-113.92841,1476,7,3D Valid,Nothing Detected,11,3.44,3.68,Animal with Collar 40878
40878,2023-04-18 12:00:40,2023-04-18 06:00:40-06:00,2023-04-19 08:02:30,2023-04-19 02:02:30-06:00,Iridium,46.66316,-113.92881,1382,3.4,3D Valid,Nothing Detected,13,3.44,3.68,Animal with Collar 40878
40878,2023-04-18 11:00:39,2023-04-18 05:00:39-06:00,2023-04-19 08:02:30,2023-04-19 02:02:30-06:00,Iridium,46.66320,-113.92889,1375,3.4,3D Valid,Nothing Detected,14,3.44,3.68,Animal with Collar 40878
40878,2023-04-18 10:00:39,2023-04-18 04:00:39-06:00,2023-04-19 08:02:30,2023-04-19 02:02:30-06:00,Iridium,46.66322,-113.92875,1384,5.2,3D Valid,Nothing Detected,14,3.44,3.68,Animal with Collar 40878
40878,2023-04-18 09:00:14,2023-04-18 03:00:14-06:00,2023-04-19 08:02:30,2023-04-19 02:02:30-06:00,Iridium,46.66346,-113.92925,1379,5.8,3D Valid,Nothing Detected,11,3.44,3.68,Animal with Collar 40878
40878,2023-04-18 08:00:09,2023-04-18 02:00:09-06:00,2023-04-18 08:00:35,2023-04-18 02:00:35-06:00,Iridium,46.66275,-113.92841,1392,2.8,3D Valid,Nothing Detected,11,3.44,3.68,Animal with Collar 40878
40878,2023-04-18 07:00:10,2023-04-18 01:00:10-06:00,2023-04-18 08:00:35,2023-04-18 02:00:35-06:00,Iridium,46.66309,-113.92883,1392,4,3D Valid,Nothing Detected,13,3.44,3.68,Animal with Collar 40878
40878,2023-04-18 06:00:39,2023-04-18 00:00:39-06:00,2023-04-18 08:00:35,2023-04-18 02:00:35-06:00,Iridium,46.66297,-113.92895,1399,1.8,3D Valid,Nothing Detected,13,3.44,3.68,Animal with Collar 40878
40878,2023-04-18 05:00:10,2023-04-17 23:00:10-06:00,2023-04-18 08:00:35,2023-04-18 02:00:35-06:00,Iridium,46.66336,-113.92928,1424,3.2,3D Valid,Nothing Detected,14,3.44,3.68,Animal with Collar 40878
40878,2023-04-18 04:00:39,2023-04-17 22:00:39-06:00,2023-04-18 04:01:23,2023-04-17 22:01:23-06:00,Iridium,46.66316,-113.92882,1360,4,3D Valid,Nothing Detected,16,3.36,3.68,Animal with Collar 40878
40878,2023-04-18 03:00:11,2023-04-17 21:00:11-06:00,2023-04-18 04:01:23,2023-04-17 22:01:23-06:00,Iridium,46.66283,-113.92887,1394,8,3D Valid,Nothing Detected,15,3.36,3.68,Animal with Collar 40878
40878,2023-04-18 02:00:09,2023-04-17 20:00:09-06:00,2023-04-18 04:01:23,2023-04-17 22:01:23-06:00,Iridium,46.66268,-113.92829,1377,2.8,3D Valid,Nothing Detected,13,3.36,3.68,Animal with Collar 40878
40878,2023-04-18 01:00:40,2023-04-17 19:00:40-06:00,2023-04-18 04:01:23,2023-04-17 22:01:23-06:00,Iridium,46.66195,-113.92795,1328,2.4,3D Valid,Nothing Detected,11,3.44,3.68,Animal with Collar 40878
40878,2023-04-18 00:00:19,2023-04-17 18:00:19-06:00,2023-04-18 00:00:41,2023-04-17 18:00:41-06:00,Iridium,46.66223,-113.92790,1372,6.6,3D Valid,Nothing Detected,12,3.44,3.68,Animal with Collar 40878
40878,2023-04-17 23:00:40,2023-04-17 17:00:40-06:00,2023-04-18 00:00:41,2023-04-17 18:00:41-06:00,Iridium,46.66197,-113.92798,1322,4,3D Valid,Nothing Detected,11,3.44,3.68,Animal with Collar 40878
40878,2023-04-17 22:00:40,2023-04-17 16:00:40-06:00,2023-04-18 00:00:41,2023-04-17 18:00:41-06:00,Iridium,46.66198,-113.92786,1338,3.8,3D Valid,Nothing Detected,14,3.44,3.68,Animal with Collar 40878
40878,2023-04-17 21:00:09,2023-04-17 15:00:09-06:00,2023-04-18 00:00:41,2023-04-17 18:00:41-06:00,Iridium,46.66205,-113.92820,1333,4,3D Valid,Nothing Detected,11,3.44,3.68,Animal with Collar 40878
40878,2023-04-17 20:00:38,2023-04-17 14:00:38-06:00,2023-04-17 20:01:02,2023-04-17 14:01:02-06:00,Iridium,46.66198,-113.92801,1338,2.8,3D Valid,Nothing Detected,13,3.44,3.68,Animal with Collar 40878
40878,2023-04-17 19:00:39,2023-04-17 13:00:39-06:00,2023-04-17 20:01:02,2023-04-17 14:01:02-06:00,Iridium,46.66196,-113.92793,1329,3.2,3D Valid,Nothing Detected,14,3.44,3.68,Animal with Collar 40878
40878,2023-04-17 18:00:16,2023-04-17 12:00:16-06:00,2023-04-17 20:01:02,2023-04-17 14:01:02-06:00,Iridium,46.66215,-113.92817,1331,2.2,3D Valid,Nothing Detected,15,3.44,3.68,Animal with Collar 40878
40878,2023-04-17 17:00:33,2023-04-17 11:00:33-06:00,2023-04-17 20:01:02,2023-04-17 14:01:02-06:00,Iridium,46.66203,-113.92806,1352,1.8,3D Valid,Nothing Detected,18,3.44,3.68,Animal with Collar 40878
40878,2023-04-17 16:00:20,2023-04-17 10:00:20-06:00,2023-04-17 20:01:15,2023-04-17 14:01:15-06:00,Iridium,46.66245,-113.92801,1358,3,3D Valid,Nothing Detected,16,3.44,3.68,Animal with Collar 40878
40878,2023-04-17 15:00:38,2023-04-17 09:00:38-06:00,2023-04-17 20:01:15,2023-04-17 14:01:15-06:00,Iridium,46.66202,-113.92783,1359,2,3D Valid,Nothing Detected,17,3.44,3.68,Animal with Collar 40878
40878,2023-04-17 14:00:56,2023-04-17 08:00:56-06:00,2023-04-17 20:01:15,2023-04-17 14:01:15-06:00,Iridium,46.66209,-113.92793,1343,3.4,3D Valid,Nothing Detected,27,3.36,3.68,Animal with Collar 40878
40878,2023-04-17 05:00:38,2023-04-16 23:00:38-06:00,2023-04-17 20:01:31,2023-04-17 14:01:31-06:00,Iridium,46.66187,-113.92784,1339,2.6,3D Valid,Nothing Detected,16,3.44,3.68,Animal with Collar 40878
40878,2023-04-17 04:00:12,2023-04-16 22:00:12-06:00,2023-04-17 20:01:38,2023-04-17 14:01:38-06:00,Iridium,46.66203,-113.92805,1333,2.8,3D Valid,Nothing Detected,15,3.44,3.68,Animal with Collar 40878
40878,2023-04-17 03:00:38,2023-04-16 21:00:38-06:00,2023-04-17 20:01:38,2023-04-17 14:01:38-06:00,Iridium,46.66203,-113.92798,1352,4.4,3D Valid,Nothing Detected,17,3.36,3.68,Animal with Collar 40878
40878,2023-04-17 02:00:20,2023-04-16 20:00:20-06:00,2023-04-17 20:01:38,2023-04-17 14:01:38-06:00,Iridium,46.66183,-113.92788,1368,3.2,3D Valid,Nothing Detected,22,3.36,3.68,Animal with Collar 40878
40878,2023-04-17 01:00:40,2023-04-16 19:00:40-06:00,2023-04-17 20:01:38,2023-04-17 14:01:38-06:00,Iridium,46.65930,-113.93085,1322,2,3D Valid,Nothing Detected,23,3.36,3.68,Animal with Collar 40878
40878,2023-04-17 00:00:10,2023-04-16 18:00:10-06:00,2023-04-17 00:00:33,2023-04-16 18:00:33-06:00,Iridium,46.66193,-113.92789,1354,5.2,3D Valid,Nothing Detected,22,3.44,3.68,Animal with Collar 40878
40878,2023-04-16 23:00:38,2023-04-16 17:00:38-06:00,2023-04-17 00:00:33,2023-04-16 18:00:33-06:00,Iridium,46.66195,-113.92790,1332,4.2,3D Valid,Nothing Detected,25,3.44,3.68,Animal with Collar 40878
40878,2023-04-16 22:00:40,2023-04-16 16:00:40-06:00,2023-04-17 00:00:33,2023-04-16 18:00:33-06:00,Iridium,46.66200,-113.92793,1333,4,3D Valid,Nothing Detected,27,3.44,3.68,Animal with Collar 40878
40878,2023-04-16 21:00:12,2023-04-16 15:00:12-06:00,2023-04-17 00:00:33,2023-04-16 18:00:33-06:00,Iridium,46.66188,-113.92784,1353,3.8,3D Valid,Nothing Detected,28,3.44,3.68,Animal with Collar 40878
40878,2023-04-16 20:00:38,2023-04-16 14:00:38-06:00,2023-04-17 20:01:47,2023-04-17 14:01:47-06:00,Iridium,46.66211,-113.92788,1343,3,3D Valid,Nothing Detected,29,3.44,3.68,Animal with Collar 40878
40878,2023-04-16 19:00:19,2023-04-16 13:00:19-06:00,2023-04-17 20:01:47,2023-04-17 14:01:47-06:00,Iridium,46.66194,-113.92804,1353,3.2,3D Valid,Nothing Detected,21,3.44,3.68,Animal with Collar 40878
40878,2023-04-16 18:00:40,2023-04-16 12:00:40-06:00,2023-04-17 20:01:47,2023-04-17 14:01:47-06:00,Iridium,46.66195,-113.92790,1335,1.8,3D Valid,Nothing Detected,22,3.44,3.68,Animal with Collar 40878
40878,2023-04-16 17:00:09,2023-04-16 11:00:09-06:00,2023-04-17 20:01:47,2023-04-17 14:01:47-06:00,Iridium,46.66221,-113.92864,1291,4,3D Valid,Nothing Detected,26,3.44,3.68,Animal with Collar 40878
40878,2023-04-16 16:00:38,2023-04-16 10:00:38-06:00,2023-04-16 16:01:02,2023-04-16 10:01:02-06:00,Iridium,46.66226,-113.92744,1355,4.2,3D Valid,Nothing Detected,25,3.36,3.68,Animal with Collar 40878
40878,2023-04-16 15:00:38,2023-04-16 09:00:38-06:00,2023-04-16 16:01:02,2023-04-16 10:01:02-06:00,Iridium,46.66162,-113.92806,1390,3,3D Valid,Nothing Detected,11,3.44,3.68,Animal with Collar 40878
40878,2023-04-16 14:00:53,2023-04-16 08:00:53-06:00,2023-04-16 16:01:02,2023-04-16 10:01:02-06:00,Iridium,46.66171,-113.92820,1402,6.2,3D Valid,Nothing Detected,16,3.36,3.68,Animal with Collar 40878
40878,2023-04-16 13:00:53,2023-04-16 07:00:53-06:00,2023-04-16 16:01:02,2023-04-16 10:01:02-06:00,Iridium,46.66191,-113.92853,1227,9.6,3D Valid,Nothing Detected,17,3.36,3.68,Animal with Collar 40878
40878,2023-04-16 12:00:18,2023-04-16 06:00:18-06:00,2023-04-16 16:01:11,2023-04-16 10:01:11-06:00,Iridium,46.66188,-113.92788,1351,4,3D Valid,Nothing Detected,14,3.36,3.68,Animal with Collar 40878
40878,2023-04-16 11:00:39,2023-04-16 05:00:39-06:00,2023-04-16 16:01:11,2023-04-16 10:01:11-06:00,Iridium,46.66184,-113.92793,1339,5.4,3D Valid,Nothing Detected,13,3.44,3.68,Animal with Collar 40878
40878,2023-04-16 10:00:09,2023-04-16 04:00:09-06:00,2023-04-16 16:01:11,2023-04-16 10:01:11-06:00,Iridium,46.66192,-113.92800,1339,2.8,3D Valid,Nothing Detected,13,3.44,3.68,Animal with Collar 40878
40878,2023-04-16 09:00:38,2023-04-16 03:00:38-06:00,2023-04-16 16:01:11,2023-04-16 10:01:11-06:00,Iridium,46.66202,-113.92796,1325,3.4,3D Valid,Nothing Detected,11,3.44,3.68,Animal with Collar 40878
40878,2023-04-16 08:00:31,2023-04-16 02:00:31-06:00,2023-04-16 16:01:21,2023-04-16 10:01:21-06:00,Iridium,46.66166,-113.92821,1405,4,3D Valid,Nothing Detected,12,3.44,3.68,Animal with Collar 40878
40878,2023-04-16 07:00:39,2023-04-16 01:00:39-06:00,2023-04-16 16:01:21,2023-04-16 10:01:21-06:00,Iridium,46.66179,-113.92788,1334,4,3D Valid,Nothing Detected,14,3.44,3.68,Animal with Collar 40878
40878,2023-04-16 06:00:28,2023-04-16 00:00:28-06:00,2023-04-16 16:01:21,2023-04-16 10:01:21-06:00,Iridium,46.66127,-113.92807,1404,4.4,3D Valid,Nothing Detected,12,3.44,3.68,Animal with Collar 40878
40878,2023-04-16 05:00:09,2023-04-15 23:00:09-06:00,2023-04-16 16:01:21,2023-04-16 10:01:21-06:00,Iridium,46.66198,-113.92783,1338,2.8,3D Valid,Nothing Detected,11,3.44,3.68,Animal with Collar 40878
40878,2023-04-16 04:00:39,2023-04-15 22:00:39-06:00,2023-04-16 16:01:31,2023-04-16 10:01:31-06:00,Iridium,46.66201,-113.92789,1335,2,3D Valid,Nothing Detected,11,3.44,3.68,Animal with Collar 40878
40878,2023-04-16 03:00:26,2023-04-15 21:00:26-06:00,2023-04-16 16:01:31,2023-04-16 10:01:31-06:00,Iridium,46.66227,-113.92766,1431,3.8,3D Valid,Nothing Detected,13,3.44,3.68,Animal with Collar 40878
40878,2023-04-16 02:00:13,2023-04-15 20:00:13-06:00,2023-04-16 16:01:31,2023-04-16 10:01:31-06:00,Iridium,46.66232,-113.92834,1343,3,3D Valid,Nothing Detected,15,3.44,3.68,Animal with Collar 40878
40878,2023-04-16 01:00:39,2023-04-15 19:00:39-06:00,2023-04-16 16:01:31,2023-04-16 10:01:31-06:00,Iridium,46.66194,-113.92790,1334,2.2,3D Valid,Nothing Detected,19,3.44,3.68,Animal with Collar 40878
40878,2023-04-16 00:00:10,2023-04-15 18:00:10-06:00,2023-04-16 16:02:10,2023-04-16 10:02:10-06:00,Iridium,46.66200,-113.92793,1339,5,3D Valid,Nothing Detected,23,3.36,3.68,Animal with Collar 40878
40878,2023-04-15 23:00:11,2023-04-15 17:00:11-06:00,2023-04-16 16:02:10,2023-04-16 10:02:10-06:00,Iridium,46.66032,-113.92883,1303,4.8,3D Valid,Nothing Detected,24,3.36,3.68,Animal with Collar 40878
40878,2023-04-15 22:00:40,2023-04-15 16:00:40-06:00,2023-04-16 16:02:10,2023-04-16 10:02:10-06:00,Iridium,46.66036,-113.92869,1313,2.2,3D Valid,Nothing Detected,25,3.36,3.68,Animal with Collar 40878
40878,2023-04-15 21:00:38,2023-04-15 15:00:38-06:00,2023-04-16 16:02:10,2023-04-16 10:02:10-06:00,Iridium,46.66204,-113.92792,1324,2.8,3D Valid,Nothing Detected,26,3.36,3.68,Animal with Collar 40878
40878,2023-04-15 20:00:20,2023-04-15 14:00:20-06:00,2023-04-16 16:02:18,2023-04-16 10:02:18-06:00,Iridium,46.66190,-113.92763,1351,3.6,3D Valid,Nothing Detected,25,3.36,3.68,Animal with Collar 40878
40878,2023-04-15 19:00:40,2023-04-15 13:00:40-06:00,2023-04-16 16:02:18,2023-04-16 10:02:18-06:00,Iridium,46.66213,-113.92790,1325,4.4,3D Valid,Nothing Detected,27,3.36,3.68,Animal with Collar 40878
40878,2023-04-15 18:00:10,2023-04-15 12:00:10-06:00,2023-04-16 16:02:18,2023-04-16 10:02:18-06:00,Iridium,46.66213,-113.92802,1330,2,3D Valid,Nothing Detected,22,3.44,3.68,Animal with Collar 40878
40878,2023-04-15 17:00:09,2023-04-15 11:00:09-06:00,2023-04-16 16:02:18,2023-04-16 10:02:18-06:00,Iridium,46.66218,-113.92831,1344,2,3D Valid,Nothing Detected,15,3.44,3.68,Animal with Collar 40878
40878,2023-04-15 16:00:38,2023-04-15 10:00:38-06:00,2023-04-16 16:03:11,2023-04-16 10:03:11-06:00,Iridium,46.66195,-113.92790,1341,1.6,3D Valid,Nothing Detected,10,3.44,3.68,Animal with Collar 40878
40878,2023-04-15 15:00:09,2023-04-15 09:00:09-06:00,2023-04-16 16:03:11,2023-04-16 10:03:11-06:00,Iridium,46.66202,-113.92795,1314,3.6,3D Valid,Nothing Detected,8,3.44,3.68,Animal with Collar 40878
40878,2023-04-15 14:00:38,2023-04-15 08:00:38-06:00,2023-04-16 16:03:11,2023-04-16 10:03:11-06:00,Iridium,46.66188,-113.92806,1341,4.6,3D Valid,Nothing Detected,8,3.44,3.68,Animal with Collar 40878
40878,2023-04-15 13:00:39,2023-04-15 07:00:39-06:00,2023-04-16 16:03:11,2023-04-16 10:03:11-06:00,Iridium,46.66188,-113.92796,1337,2.6,3D Valid,Nothing Detected,11,3.44,3.68,Animal with Collar 40878
40878,2023-04-15 12:00:17,2023-04-15 06:00:17-06:00,2023-04-15 12:01:06,2023-04-15 06:01:06-06:00,Iridium,46.66190,-113.92792,1330,2.6,3D Valid,Nothing Detected,10,3.44,3.68,Animal with Collar 40878
40878,2023-04-15 11:00:38,2023-04-15 05:00:38-06:00,2023-04-15 12:01:06,2023-04-15 06:01:06-06:00,Iridium,46.66198,-113.92793,1330,2.8,3D Valid,Nothing Detected,11,3.44,3.68,Animal with Collar 40878
40878,2023-04-15 10:01:08,2023-04-15 04:01:08-06:00,2023-04-15 12:01:06,2023-04-15 06:01:06-06:00,Iridium,46.66201,-113.92795,1313,6.6,3D Valid,Nothing Detected,8,3.44,3.68,Animal with Collar 40878
40878,2023-04-15 09:00:26,2023-04-15 03:00:26-06:00,2023-04-15 12:01:06,2023-04-15 06:01:06-06:00,Iridium,46.66216,-113.92782,1349,5.8,3D Valid,Nothing Detected,9,3.44,3.68,Animal with Collar 40878
40878,2023-04-15 08:00:10,2023-04-15 02:00:10-06:00,2023-04-15 08:00:32,2023-04-15 02:00:32-06:00,Iridium,46.66177,-113.92799,1391,4.6,3D Valid,Nothing Detected,8,3.44,3.68,Animal with Collar 40878
40878,2023-04-15 07:00:40,2023-04-15 01:00:40-06:00,2023-04-15 08:00:32,2023-04-15 02:00:32-06:00,Iridium,46.66193,-113.92796,1329,4.2,3D Valid,Nothing Detected,11,3.44,3.68,Animal with Collar 40878
40878,2023-04-15 06:01:08,2023-04-15 00:01:08-06:00,2023-04-15 08:00:32,2023-04-15 02:00:32-06:00,Iridium,46.66196,-113.92793,1335,3.6,3D Valid,Nothing Detected,14,3.44,3.68,Animal with Collar 40878
40878,2023-04-15 05:00:52,2023-04-14 23:00:52-06:00,2023-04-15 08:00:32,2023-04-15 02:00:32-06:00,Iridium,46.66197,-113.92794,1333,6.4,3D Valid,Nothing Detected,12,3.44,3.68,Animal with Collar 40878
40878,2023-04-15 04:00:11,2023-04-14 22:00:11-06:00,2023-04-15 04:00:34,2023-04-14 22:00:34-06:00,Iridium,46.66195,-113.92783,1357,4,3D Valid,Nothing Detected,9,3.44,3.68,Animal with Collar 40878
40878,2023-04-15 03:00:10,2023-04-14 21:00:10-06:00,2023-04-15 04:00:34,2023-04-14 22:00:34-06:00,Iridium,46.66197,-113.92788,1339,3.6,3D Valid,Nothing Detected,10,3.44,3.68,Animal with Collar 40878
40878,2023-04-15 02:00:39,2023-04-14 20:00:39-06:00,2023-04-15 04:00:34,2023-04-14 22:00:34-06:00,Iridium,46.66193,-113.92793,1332,2.4,3D Valid,Nothing Detected,14,3.44,3.68,Animal with Collar 40878
40878,2023-04-15 01:00:11,2023-04-14 19:00:11-06:00,2023-04-15 04:00:34,2023-04-14 22:00:34-06:00,Iridium,46.66219,-113.92786,1362,2.6,3D Valid,Nothing Detected,14,3.44,3.68,Animal with Collar 40878
40878,2023-04-15 00:00:09,2023-04-14 18:00:09-06:00,2023-04-15 00:01:50,2023-04-14 18:01:50-06:00,Iridium,46.66197,-113.92780,1352,2.4,3D Valid,Nothing Detected,15,3.44,3.68,Animal with Collar 40878
40878,2023-04-14 23:00:38,2023-04-14 17:00:38-06:00,2023-04-15 00:01:50,2023-04-14 18:01:50-06:00,Iridium,46.66195,-113.92795,1322,3.2,3D Valid,Nothing Detected,19,3.36,3.68,Animal with Collar 40878
40878,2023-04-14 22:00:08,2023-04-14 16:00:08-06:00,2023-04-15 00:01:50,2023-04-14 18:01:50-06:00,Iridium,46.66215,-113.92781,1358,4.4,3D Valid,Nothing Detected,19,3.44,3.68,Animal with Collar 40878
40878,2023-04-14 21:00:38,2023-04-14 15:00:38-06:00,2023-04-15 00:01:50,2023-04-14 18:01:50-06:00,Iridium,46.66211,-113.92788,1343,2,3D Valid,Nothing Detected,33,3.36,3.68,Animal with Collar 40878
40878,2023-04-14 20:00:10,2023-04-14 14:00:10-06:00,2023-04-14 20:00:41,2023-04-14 14:00:41-06:00,Iridium,46.66190,-113.92784,1355,3.6,3D Valid,Nothing Detected,26,3.36,3.68,Animal with Collar 40878
40878,2023-04-14 19:00:40,2023-04-14 13:00:40-06:00,2023-04-14 20:00:41,2023-04-14 14:00:41-06:00,Iridium,46.66037,-113.92886,1314,2.8,3D Valid,Nothing Detected,25,3.36,3.68,Animal with Collar 40878
40878,2023-04-14 18:00:40,2023-04-14 12:00:40-06:00,2023-04-14 20:00:41,2023-04-14 14:00:41-06:00,Iridium,46.66118,-113.92781,1323,4.6,3D Valid,Nothing Detected,20,3.36,3.68,Animal with Collar 40878
40878,2023-04-14 17:00:29,2023-04-14 11:00:29-06:00,2023-04-14 20:00:41,2023-04-14 14:00:41-06:00,Iridium,46.66196,-113.92794,1338,2.4,3D Valid,Nothing Detected,14,3.44,3.68,Animal with Collar 40878
40878,2023-04-14 16:00:40,2023-04-14 10:00:40-06:00,2023-04-14 20:00:52,2023-04-14 14:00:52-06:00,Iridium,46.66185,-113.92799,1341,3.4,3D Valid,Nothing Detected,13,3.36,3.68,Animal with Collar 40878
40878,2023-04-14 15:00:14,2023-04-14 09:00:14-06:00,2023-04-14 20:00:52,2023-04-14 14:00:52-06:00,Iridium,46.66197,-113.92794,1333,2.6,3D Valid,Nothing Detected,11,3.44,3.68,Animal with Collar 40878
40878,2023-04-14 14:00:40,2023-04-14 08:00:40-06:00,2023-04-14 20:00:52,2023-04-14 14:00:52-06:00,Iridium,46.66187,-113.92787,1330,3.8,3D Valid,Nothing Detected,9,3.44,3.68,Animal with Collar 40878
40878,2023-04-14 13:01:10,2023-04-14 07:01:10-06:00,2023-04-14 20:00:52,2023-04-14 14:00:52-06:00,Iridium,46.66187,-113.92815,1253,8.6,3D Valid,Nothing Detected,9,3.44,3.68,Animal with Collar 40878
40878,2023-04-14 12:00:40,2023-04-14 06:00:40-06:00,2023-04-14 20:01:03,2023-04-14 14:01:03-06:00,Iridium,46.66224,-113.92786,1363,2.6,3D Valid,Nothing Detected,10,3.44,3.68,Animal with Collar 40878
40878,2023-04-14 11:00:11,2023-04-14 05:00:11-06:00,2023-04-14 20:01:03,2023-04-14 14:01:03-06:00,Iridium,46.66202,-113.92847,1306,3.8,3D Valid,Nothing Detected,9,3.44,3.68,Animal with Collar 40878
40878,2023-04-14 10:00:56,2023-04-14 04:00:56-06:00,2023-04-14 20:01:03,2023-04-14 14:01:03-06:00,Iridium,46.66196,-113.92793,1329,2.6,3D Valid,Nothing Detected,10,3.44,3.68,Animal with Collar 40878
40878,2023-04-14 09:00:25,2023-04-14 03:00:25-06:00,2023-04-14 20:01:03,2023-04-14 14:01:03-06:00,Iridium,46.66182,-113.92807,1360,2.4,3D Valid,Nothing Detected,10,3.44,3.68,Animal with Collar 40878
40878,2023-04-14 08:01:08,2023-04-14 02:01:08-06:00,2023-04-14 20:01:15,2023-04-14 14:01:15-06:00,Iridium,46.66194,-113.92799,1323,4.2,3D Valid,Nothing Detected,11,3.44,3.68,Animal with Collar 40878
40878,2023-04-14 07:00:41,2023-04-14 01:00:41-06:00,2023-04-14 20:01:15,2023-04-14 14:01:15-06:00,Iridium,46.66187,-113.92814,1306,5,3D Valid,Nothing Detected,9,3.44,3.68,Animal with Collar 40878
40878,2023-04-14 06:00:14,2023-04-14 00:00:14-06:00,2023-04-14 20:01:15,2023-04-14 14:01:15-06:00,Iridium,46.66198,-113.92786,1318,1.8,3D Valid,Nothing Detected,7,3.44,3.68,Animal with Collar 40878
40878,2023-04-14 05:00:38,2023-04-13 23:00:38-06:00,2023-04-14 20:01:15,2023-04-14 14:01:15-06:00,Iridium,46.66189,-113.92778,1342,2,3D Valid,Nothing Detected,8,3.44,3.68,Animal with Collar 40878
40878,2023-04-14 04:00:39,2023-04-13 22:00:39-06:00,2023-04-14 20:01:31,2023-04-14 14:01:31-06:00,Iridium,46.66193,-113.92788,1335,3.4,3D Valid,Nothing Detected,9,3.44,3.68,Animal with Collar 40878
40878,2023-04-14 03:00:09,2023-04-13 21:00:09-06:00,2023-04-14 20:01:31,2023-04-14 14:01:31-06:00,Iridium,46.66187,-113.92797,1319,7.6,3D Valid,Nothing Detected,8,3.44,3.68,Animal with Collar 40878
40878,2023-04-14 02:00:09,2023-04-13 20:00:09-06:00,2023-04-14 20:01:31,2023-04-14 14:01:31-06:00,Iridium,46.66186,-113.92806,1317,3.4,3D Valid,Nothing Detected,14,3.36,3.68,Animal with Collar 40878
40878,2023-04-14 01:00:40,2023-04-13 19:00:40-06:00,2023-04-14 20:01:31,2023-04-14 14:01:31-06:00,Iridium,46.66159,-113.92966,1387,2.2,3D Valid,Nothing Detected,13,3.36,3.68,Animal with Collar 40878
40878,2023-04-14 00:00:10,2023-04-13 18:00:10-06:00,2023-04-14 20:01:39,2023-04-14 14:01:39-06:00,Iridium,46.66282,-113.92924,1401,5,3D Valid,Nothing Detected,14,3.44,3.68,Animal with Collar 40878
40878,2023-04-13 23:00:40,2023-04-13 17:00:40-06:00,2023-04-14 20:01:39,2023-04-14 14:01:39-06:00,Iridium,46.66288,-113.92943,1395,6.2,3D Valid,Nothing Detected,17,3.36,3.68,Animal with Collar 40878
40878,2023-04-13 22:00:40,2023-04-13 16:00:40-06:00,2023-04-14 20:01:39,2023-04-14 14:01:39-06:00,Iridium,46.66237,-113.92929,1377,3.4,3D Valid,Nothing Detected,22,3.36,3.68,Animal with Collar 40878
40878,2023-04-13 21:00:21,2023-04-13 15:00:21-06:00,2023-04-14 20:01:39,2023-04-14 14:01:39-06:00,Iridium,46.66360,-113.92866,1402,4.6,3D Valid,Nothing Detected,18,3.36,3.68,Animal with Collar 40878
40878,2023-04-13 20:00:38,2023-04-13 14:00:38-06:00,2023-04-14 20:01:52,2023-04-14 14:01:52-06:00,Iridium,46.66313,-113.92883,1374,3.6,3D Valid,Nothing Detected,14,3.36,3.68,Animal with Collar 40878
40878,2023-04-13 19:00:39,2023-04-13 13:00:39-06:00,2023-04-14 20:01:52,2023-04-14 14:01:52-06:00,Iridium,46.66315,-113.92884,1367,3.4,3D Valid,Nothing Detected,11,3.44,3.68,Animal with Collar 40878
40878,2023-04-13 18:00:09,2023-04-13 12:00:09-06:00,2023-04-14 20:01:52,2023-04-14 14:01:52-06:00,Iridium,46.66312,-113.92853,1399,2,3D Valid,Nothing Detected,13,3.44,3.68,Animal with Collar 40878
40878,2023-04-13 17:00:09,2023-04-13 11:00:09-06:00,2023-04-14 20:01:52,2023-04-14 14:01:52-06:00,Iridium,46.66313,-113.92883,1380,3,3D Valid,Nothing Detected,15,3.44,3.68,Animal with Collar 40878
40878,2023-04-13 16:00:39,2023-04-13 10:00:39-06:00,2023-04-13 16:01:38,2023-04-13 10:01:38-06:00,Iridium,46.66312,-113.92890,1370,2.6,3D Valid,Nothing Detected,12,3.36,3.68,Animal with Collar 40878
40878,2023-04-13 15:00:13,2023-04-13 09:00:13-06:00,2023-04-13 16:01:38,2023-04-13 10:01:38-06:00,Iridium,46.66324,-113.92883,1396,2.6,3D Valid,Nothing Detected,10,3.44,3.68,Animal with Collar 40878
40878,2023-04-13 14:00:13,2023-04-13 08:00:13-06:00,2023-04-13 16:01:38,2023-04-13 10:01:38-06:00,Iridium,46.66311,-113.92882,1360,2.8,3D Valid,Nothing Detected,8,3.44,3.68,Animal with Collar 40878
40878,2023-04-13 13:00:40,2023-04-13 07:00:40-06:00,2023-04-13 16:01:38,2023-04-13 10:01:38-06:00,Iridium,46.66329,-113.92879,1390,2.4,3D Valid,Nothing Detected,8,3.44,3.68,Animal with Collar 40878
40878,2023-04-13 12:00:38,2023-04-13 06:00:38-06:00,2023-04-13 12:01:13,2023-04-13 06:01:13-06:00,Iridium,46.66334,-113.92915,1325,2.6,3D Valid,Nothing Detected,10,3.44,3.68,Animal with Collar 40878
40878,2023-04-13 11:00:11,2023-04-13 05:00:11-06:00,2023-04-13 12:01:13,2023-04-13 06:01:13-06:00,Iridium,46.66296,-113.92853,1457,4,3D Valid,Nothing Detected,11,3.44,3.68,Animal with Collar 40878
40878,2023-04-13 10:01:10,2023-04-13 04:01:10-06:00,2023-04-13 12:01:13,2023-04-13 06:01:13-06:00,Iridium,46.66297,-113.92928,1344,4,3D Valid,Nothing Detected,10,3.44,3.68,Animal with Collar 40878
40878,2023-04-13 09:00:38,2023-04-13 03:00:38-06:00,2023-04-13 12:01:13,2023-04-13 06:01:13-06:00,Iridium,46.66309,-113.92908,1394,2.6,3D Valid,Nothing Detected,11,3.44,3.68,Animal with Collar 40878
40878,2023-04-13 08:00:17,2023-04-13 02:00:17-06:00,2023-04-13 08:01:04,2023-04-13 02:01:04-06:00,Iridium,46.66329,-113.92908,1274,3.2,3D Valid,Nothing Detected,12,3.44,3.68,Animal with Collar 40878
40878,2023-04-13 07:00:39,2023-04-13 01:00:39-06:00,2023-04-13 08:01:04,2023-04-13 02:01:04-06:00,Iridium,46.66324,-113.92886,1388,4.6,3D Valid,Nothing Detected,12,3.44,3.68,Animal with Collar 40878
40878,2023-04-13 06:00:16,2023-04-13 00:00:16-06:00,2023-04-13 08:01:04,2023-04-13 02:01:04-06:00,Iridium,46.66382,-113.92901,1425,2.2,3D Valid,Nothing Detected,10,3.44,3.68,Animal with Collar 40878
40878,2023-04-13 05:00:10,2023-04-12 23:00:10-06:00,2023-04-13 08:01:04,2023-04-13 02:01:04-06:00,Iridium,46.66320,-113.92883,1369,3,3D Valid,Nothing Detected,10,3.44,3.68,Animal with Collar 40878
40878,2023-04-13 04:00:39,2023-04-12 22:00:39-06:00,2023-04-13 08:01:43,2023-04-13 02:01:43-06:00,Iridium,46.66330,-113.92889,1378,3.2,3D Valid,Nothing Detected,14,3.36,3.68,Animal with Collar 40878
40878,2023-04-13 03:00:09,2023-04-12 21:00:09-06:00,2023-04-13 08:01:43,2023-04-13 02:01:43-06:00,Iridium,46.66315,-113.92868,1372,4.8,3D Valid,Nothing Detected,16,3.36,3.68,Animal with Collar 40878
40878,2023-04-13 02:00:15,2023-04-12 20:00:15-06:00,2023-04-13 08:01:43,2023-04-13 02:01:43-06:00,Iridium,46.66313,-113.92731,1352,3.4,3D Valid,Nothing Detected,15,3.36,3.68,Animal with Collar 40878
40878,2023-04-13 01:00:40,2023-04-12 19:00:40-06:00,2023-04-13 08:01:43,2023-04-13 02:01:43-06:00,Iridium,46.66357,-113.92690,1380,2.4,3D Valid,Nothing Detected,14,3.36,3.68,Animal with Collar 40878
40878,2023-04-13 00:00:11,2023-04-12 18:00:11-06:00,2023-04-13 08:01:54,2023-04-13 02:01:54-06:00,Iridium,46.66340,-113.92658,1396,4,3D Valid,Nothing Detected,13,3.44,3.68,Animal with Collar 40878
40878,2023-04-12 23:00:40,2023-04-12 17:00:40-06:00,2023-04-13 08:01:54,2023-04-13 02:01:54-06:00,Iridium,46.66349,-113.92677,1361,9.8,3D Valid,Nothing Detected,14,3.44,3.68,Animal with Collar 40878
40878,2023-04-12 22:00:10,2023-04-12 16:00:10-06:00,2023-04-13 08:01:54,2023-04-13 02:01:54-06:00,Iridium,46.66377,-113.92668,1400,3.4,3D Valid,Nothing Detected,14,3.44,3.68,Animal with Collar 40878
40878,2023-04-12 21:00:38,2023-04-12 15:00:38-06:00,2023-04-13 08:01:54,2023-04-13 02:01:54-06:00,Iridium,46.66360,-113.92657,1394,2.4,3D Valid,Nothing Detected,18,3.36,3.68,Animal with Collar 40878
40878,2023-04-12 20:00:08,2023-04-12 14:00:08-06:00,2023-04-13 08:02:19,2023-04-13 02:02:19-06:00,Iridium,46.66351,-113.92666,1362,3.6,3D Valid,Nothing Detected,23,3.36,3.68,Animal with Collar 40878
40878,2023-04-12 19:00:40,2023-04-12 13:00:40-06:00,2023-04-13 08:02:19,2023-04-13 02:02:19-06:00,Iridium,46.66339,-113.92667,1374,2.8,3D Valid,Nothing Detected,18,3.36,3.68,Animal with Collar 40878
40878,2023-04-12 18:00:40,2023-04-12 12:00:40-06:00,2023-04-13 08:02:19,2023-04-13 02:02:19-06:00,Iridium,46.66362,-113.92677,1377,2.4,3D Valid,Nothing Detected,10,3.44,3.68,Animal with Collar 40878
40878,2023-04-12 17:00:09,2023-04-12 11:00:09-06:00,2023-04-13 08:02:19,2023-04-13 02:02:19-06:00,Iridium,46.66354,-113.92670,1370,2.8,3D Valid,Nothing Detected,11,3.44,3.68,Animal with Collar 40878
40878,2023-04-12 16:00:40,2023-04-12 10:00:40-06:00,2023-04-12 16:01:02,2023-04-12 10:01:02-06:00,Iridium,46.66345,-113.92670,1379,2,3D Valid,Nothing Detected,9,3.44,3.68,Animal with Collar 40878
40878,2023-04-12 15:00:16,2023-04-12 09:00:16-06:00,2023-04-12 16:01:02,2023-04-12 10:01:02-06:00,Iridium,46.66340,-113.92686,1378,2.6,3D Valid,Nothing Detected,6,3.44,3.68,Animal with Collar 40878
40878,2023-04-12 14:00:38,2023-04-12 08:00:38-06:00,2023-04-12 16:01:02,2023-04-12 10:01:02-06:00,Iridium,46.66357,-113.92665,1378,3,3D Valid,Nothing Detected,7,3.44,3.68,Animal with Collar 40878
40878,2023-04-12 13:00:38,2023-04-12 07:00:38-06:00,2023-04-12 16:01:02,2023-04-12 10:01:02-06:00,Iridium,46.66368,-113.92676,1371,7.4,3D Valid,Nothing Detected,7,3.44,3.68,Animal with Collar 40878
40878,2023-04-12 12:00:38,2023-04-12 06:00:38-06:00,2023-04-12 12:01:34,2023-04-12 06:01:34-06:00,Iridium,46.66352,-113.92667,1361,2.2,3D Valid,Nothing Detected,6,3.44,3.68,Animal with Collar 40878
40878,2023-04-12 11:00:10,2023-04-12 05:00:10-06:00,2023-04-12 12:01:34,2023-04-12 06:01:34-06:00,Iridium,46.66353,-113.92671,1357,4.4,3D Valid,Nothing Detected,7,3.44,3.68,Animal with Collar 40878
40878,2023-04-12 10:00:39,2023-04-12 04:00:39-06:00,2023-04-12 12:01:34,2023-04-12 06:01:34-06:00,Iridium,46.66342,-113.92673,1377,2.8,3D Valid,Nothing Detected,9,3.44,3.68,Animal with Collar 40878
40878,2023-04-12 09:00:38,2023-04-12 03:00:38-06:00,2023-04-12 12:01:34,2023-04-12 06:01:34-06:00,Iridium,46.66355,-113.92676,1349,2.8,3D Valid,Nothing Detected,8,3.44,3.68,Animal with Collar 40878
40878,2023-04-12 08:00:09,2023-04-12 02:00:09-06:00,2023-04-12 16:01:10,2023-04-12 10:01:10-06:00,Iridium,46.66356,-113.92668,1368,2.8,3D Valid,Nothing Detected,7,3.44,3.68,Animal with Collar 40878
40878,2023-04-12 07:00:39,2023-04-12 01:00:39-06:00,2023-04-12 16:01:10,2023-04-12 10:01:10-06:00,Iridium,46.66345,-113.92675,1352,4,3D Valid,Nothing Detected,8,3.44,3.68,Animal with Collar 40878
40878,2023-04-12 06:00:09,2023-04-12 00:00:09-06:00,2023-04-12 16:01:10,2023-04-12 10:01:10-06:00,Iridium,46.66360,-113.92666,1372,2.4,3D Valid,Nothing Detected,8,3.44,3.68,Animal with Collar 40878
40878,2023-04-12 05:00:09,2023-04-11 23:00:09-06:00,2023-04-12 16:01:10,2023-04-12 10:01:10-06:00,Iridium,46.66351,-113.92661,1373,3.8,3D Valid,Nothing Detected,10,3.44,3.68,Animal with Collar 40878
40878,2023-04-12 04:50:39,2023-04-11 22:50:39-06:00,2023-04-12 04:51:44,2023-04-11 22:51:44-06:00,Iridium,46.66346,-113.92666,1378,3.4,3D Valid,Nothing Detected,10,3.44,3.68,Animal with Collar 40878
40878,2023-04-11 04:00:38,2023-04-10 22:00:38-06:00,2023-04-12 04:51:44,2023-04-11 22:51:44-06:00,Iridium,46.66475,-113.91440,1471,2.8,3D Valid,Nothing Detected,18,3.44,3.68,Animal with Collar 40878
40878,2023-04-11 03:00:10,2023-04-10 21:00:10-06:00,2023-04-12 04:51:44,2023-04-11 22:51:44-06:00,Iridium,46.66484,-113.91448,1461,2.8,3D Valid,Nothing Detected,17,3.44,3.68,Animal with Collar 40878
40878,2023-04-11 02:00:38,2023-04-10 20:00:38-06:00,2023-04-12 04:51:44,2023-04-11 22:51:44-06:00,Iridium,46.66490,-113.91444,1441,2,3D Valid,Nothing Detected,20,3.44,3.68,Animal with Collar 40878
40878,2023-04-11 01:00:40,2023-04-10 19:00:40-06:00,2023-04-11 01:01:27,2023-04-10 19:01:27-06:00,Iridium,46.66492,-113.91438,1453,2.6,3D Valid,Nothing Detected,23,3.36,3.68,Animal with Collar 40878
40878,2023-04-11 00:00:21,2023-04-10 18:00:21-06:00,2023-04-11 01:01:27,2023-04-10 19:01:27-06:00,Iridium,46.66507,-113.91470,1413,4.4,3D Valid,Nothing Detected,25,3.44,3.68,Animal with Collar 40878
40878,2023-04-10 23:00:11,2023-04-10 17:00:11-06:00,2023-04-11 01:01:27,2023-04-10 19:01:27-06:00,Iridium,46.66497,-113.91447,1406,3,3D Valid,Nothing Detected,26,3.44,3.68,Animal with Collar 40878
40878,2023-04-10 22:00:40,2023-04-10 16:00:40-06:00,2023-04-11 01:01:27,2023-04-10 19:01:27-06:00,Iridium,46.66501,-113.91453,1455,2.4,3D Valid,Nothing Detected,26,3.44,3.68,Animal with Collar 40878
40878,2023-04-10 21:00:11,2023-04-10 15:00:11-06:00,2023-04-11 01:01:42,2023-04-10 19:01:42-06:00,Iridium,46.66540,-113.91486,1397,4.6,3D Valid,Nothing Detected,30,3.36,3.68,Animal with Collar 40878
40878,2023-04-10 20:00:39,2023-04-10 14:00:39-06:00,2023-04-11 01:01:42,2023-04-10 19:01:42-06:00,Iridium,46.66498,-113.91452,1438,3.6,3D Valid,Nothing Detected,40,3.36,3.68,Animal with Collar 40878
40878,2023-04-10 19:00:27,2023-04-10 13:00:27-06:00,2023-04-11 01:01:42,2023-04-10 19:01:42-06:00,Iridium,46.66489,-113.91402,1489,2,3D Valid,Nothing Detected,24,3.44,3.68,Animal with Collar 40878
40878,2023-04-10 18:00:18,2023-04-10 12:00:18-06:00,2023-04-11 01:01:42,2023-04-10 19:01:42-06:00,Iridium,46.66495,-113.91441,1449,2.4,3D Valid,Nothing Detected,20,3.44,3.68,Animal with Collar 40878
40878,2023-04-10 17:00:39,2023-04-10 11:00:39-06:00,2023-04-12 04:51:53,2023-04-11 22:51:53-06:00,Iridium,46.66495,-113.91451,1453,2.6,3D Valid,Nothing Detected,20,3.36,3.68,Animal with Collar 40878
40878,2023-04-10 13:01:00,2023-04-10 07:01:00-06:00,2023-04-10 13:01:37,2023-04-10 07:01:37-06:00,Iridium,46.66497,-113.91447,1442,4,3D Valid,Nothing Detected,11,3.44,3.68,Animal with Collar 40878
40878,2023-04-10 12:00:40,2023-04-10 06:00:40-06:00,2023-04-10 13:01:37,2023-04-10 07:01:37-06:00,Iridium,46.66504,-113.91460,1440,2.8,3D Valid,Nothing Detected,9,3.44,3.68,Animal with Collar 40878
40878,2023-04-10 11:00:46,2023-04-10 05:00:46-06:00,2023-04-10 13:01:37,2023-04-10 07:01:37-06:00,Iridium,46.66496,-113.91454,1424,4.4,3D Valid,Nothing Detected,12,3.44,3.68,Animal with Collar 40878
40878,2023-04-10 10:01:08,2023-04-10 04:01:08-06:00,2023-04-10 13:01:37,2023-04-10 07:01:37-06:00,Iridium,46.66495,-113.91440,1439,4.6,3D Valid,Nothing Detected,12,3.44,3.68,Animal with Collar 40878
40878,2023-04-10 09:00:38,2023-04-10 03:00:38-06:00,2023-04-10 09:01:24,2023-04-10 03:01:24-06:00,Iridium,46.66507,-113.91444,1448,2.8,3D Valid,Nothing Detected,11,3.44,3.68,Animal with Collar 40878
40878,2023-04-10 08:00:11,2023-04-10 02:00:11-06:00,2023-04-10 09:01:24,2023-04-10 03:01:24-06:00,Iridium,46.66515,-113.91462,1390,3.8,3D Valid,Nothing Detected,10,3.44,3.68,Animal with Collar 40878
40878,2023-04-10 07:00:56,2023-04-10 01:00:56-06:00,2023-04-10 09:01:24,2023-04-10 03:01:24-06:00,Iridium,46.66492,-113.91457,1485,4,3D Valid,Nothing Detected,12,3.44,3.68,Animal with Collar 40878
40878,2023-04-10 06:00:36,2023-04-10 00:00:36-06:00,2023-04-10 09:01:24,2023-04-10 03:01:24-06:00,Iridium,46.66492,-113.91438,1437,2,3D Valid,Nothing Detected,13,3.44,3.68,Animal with Collar 40878
40878,2023-04-10 05:00:38,2023-04-09 23:00:38-06:00,2023-04-10 09:01:32,2023-04-10 03:01:32-06:00,Iridium,46.66493,-113.91445,1452,3.8,3D Valid,Nothing Detected,16,3.36,3.68,Animal with Collar 40878
40878,2023-04-10 04:00:39,2023-04-09 22:00:39-06:00,2023-04-10 09:01:32,2023-04-10 03:01:32-06:00,Iridium,46.66497,-113.91440,1447,2.8,3D Valid,Nothing Detected,14,3.36,3.68,Animal with Collar 40878
40878,2023-04-10 03:00:12,2023-04-09 21:00:12-06:00,2023-04-10 09:01:32,2023-04-10 03:01:32-06:00,Iridium,46.66501,-113.91443,1450,3.6,3D Valid,Nothing Detected,17,3.36,3.68,Animal with Collar 40878
40878,2023-04-10 02:00:08,2023-04-09 20:00:08-06:00,2023-04-10 09:01:32,2023-04-10 03:01:32-06:00,Iridium,46.66649,-113.91336,1486,2.6,3D Valid,Nothing Detected,19,3.36,3.68,Animal with Collar 40878
40878,2023-04-10 01:15:57,2023-04-09 19:15:57-06:00,2023-04-10 01:16:18,2023-04-09 19:16:18-06:00,Iridium,46.66673,-113.91167,1478,1.8,3D Valid,Nothing Detected,18,3.36,3.68,Animal with Collar 40878
40878,2023-03-21 00:43:58,2023-03-20 18:43:58-06:00,2023-04-10 09:01:41,2023-04-10 03:01:41-06:00,Iridium,46.66565,-113.91143,1511,5.4,3D,Nothing Detected,11,3.36,3.68,Animal with Collar 40878
40878,2023-02-18 23:53:04,2023-02-18 16:53:04-07:00,2023-04-10 09:03:25,2023-04-10 03:03:25-06:00,Iridium,46.66553,-113.91145,1501,8,3D,Nothing Detected,11,3.36,3.68,Animal with Collar 40878
40878,2023-01-23 14:01:08,2023-01-23 07:01:08-07:00,2023-04-13 08:03:33,2023-04-13 02:03:33-06:00,Iridium,46.66550,-113.91145,1494,5.8,3D Valid,Nothing Detected,10,3.44,3.68,Animal with Collar 40878
40878,2023-01-23 09:02:06,2023-01-23 02:02:06-07:00,2023-04-13 08:03:52,2023-04-13 02:03:52-06:00,Iridium,46.66548,-113.91147,1490,8.8,3D Valid,Nothing Detected,14,3.36,3.68,Animal with Collar 40878
40878,2023-01-23 08:00:38,2023-01-23 01:00:38-07:00,2023-04-13 08:03:52,2023-04-13 02:03:52-06:00,Iridium,46.66551,-113.91147,1493,4,3D Valid,Nothing Detected,15,3.44,3.68,Animal with Collar 40878
40878,2023-01-23 07:02:54,2023-01-23 00:02:54-07:00,2023-04-13 08:03:52,2023-04-13 02:03:52-06:00,Iridium,46.66555,-113.91145,1497,4.6,3D Valid,Nothing Detected,17,3.36,3.68,Animal with Collar 40878
40878,2023-01-23 02:01:34,2023-01-22 19:01:34-07:00,2023-04-13 12:01:25,2023-04-13 06:01:25-06:00,Iridium,46.66544,-113.91146,1494,8.6,3D,Nothing Detected,17,3.36,3.68,Animal with Collar 40878
40878,2023-01-13 22:01:08,2023-01-13 15:01:08-07:00,2023-04-14 20:02:41,2023-04-14 14:02:41-06:00,Iridium,46.66556,-113.91145,1498,4.2,3D Valid,Nothing Detected,12,3.36,3.68,Animal with Collar 40878
40878,2023-01-13 21:01:48,2023-01-13 14:01:48-07:00,2023-04-14 20:02:49,2023-04-14 14:02:49-06:00,Iridium,46.66565,-113.91144,1517,10,3D Valid,Nothing Detected,12,3.36,3.68,Animal with Collar 40878
40878,2023-01-13 20:00:38,2023-01-13 13:00:38-07:00,2023-04-14 20:02:49,2023-04-14 14:02:49-06:00,Iridium,46.66551,-113.91144,1501,3.8,3D Valid,Nothing Detected,12,3.36,3.68,Animal with Collar 40878
40878,2023-01-13 19:03:16,2023-01-13 12:03:16-07:00,2023-04-14 20:02:49,2023-04-14 14:02:49-06:00,Iridium,46.66557,-113.91146,1509,3.2,3D Valid,Nothing Detected,12,3.36,3.68,Animal with Collar 40878