Collar ID,Acq. Time [UTC],Acq. Time [MST],SCTS [UTC],SCTS [LMT],Origin,Latitude[deg],Longitude[deg],Altitude[m],DOP,Fix Type,Mortality Status,Temp[Â°C],Main[V],Beacon [V],Animal
40879,2020-06-12 16:00:09,2020-06-12 10:00:09,2020-06-12 16:00:52,2020-06-12 10:00:52-06:00,Iridium,46.67369,-114.01599,1113,3.2,3D Validated,Nothing Detected,23,3.28,3.6,Animal with Collar 40879
40879,2020-06-12 15:00:34,2020-06-12 9:00:34,2020-06-12 16:00:52,2020-06-12 10:00:52-06:00,Iridium,46.70462,-113.97621,1659,1.8,3D Validated,Nothing Detected,22,3.28,3.6,Animal with Collar 40879
40879,2020-06-12 14:00:15,2020-06-12 8:00:15,2020-06-12 16:00:52,2020-06-12 10:00:52-06:00,Iridium,46.70452,-113.97616,1669,2,3D Validated,Nothing Detected,15,3.28,3.52,Animal with Collar 40879
40879,2020-06-12 13:00:36,2020-06-12 7:00:36,2020-06-12 16:00:52,2020-06-12 10:00:52-06:00,Iridium,46.70463,-113.9762,1655,2.2,3D Validated,Nothing Detected,11,3.28,3.52,Animal with Collar 40879
40879,2020-06-12 12:00:15,2020-06-12 6:00:15,2020-06-12 16:01:16,2020-06-12 10:01:16-06:00,Iridium,46.70463,-113.97638,1641,6.4,3D Validated,Nothing Detected,10,3.28,3.52,Animal with Collar 40879
40879,2020-06-12 11:00:36,2020-06-12 5:00:36,2020-06-12 16:01:16,2020-06-12 10:01:16-06:00,Iridium,46.70467,-113.97614,1646,3,3D Validated,Nothing Detected,11,3.28,3.52,Animal with Collar 40879
40879,2020-06-12 10:01:06,2020-06-12 4:01:06,2020-06-12 16:01:16,2020-06-12 10:01:16-06:00,Iridium,46.70459,-113.97614,1659,4.6,3D Validated,Nothing Detected,10,3.2,3.52,Animal with Collar 40879
40879,2020-06-12 9:00:12,2020-06-12 3:00:12,2020-06-12 16:01:16,2020-06-12 10:01:16-06:00,Iridium,46.70446,-113.97612,1691,4.8,3D Validated,Nothing Detected,11,3.28,3.52,Animal with Collar 40879
40879,2020-06-12 8:18:32,2020-06-12 2:18:32,2020-07-01 19:02:02,2020-07-01 13:02:02-06:00,Iridium,46.70465,-113.97615,1664,2.8,3D Validated,Nothing Detected,11,3.28,3.52,Animal with Collar 40879
40879,2020-06-12 7:48:24,2020-06-12 1:48:24,2020-06-12 7:48:48,2020-06-12 01:48:48-06:00,Iridium,46.7046,-113.97622,1661,3.8,3D Validated,Mortality No Radius,11,3.28,3.52,Animal with Collar 40879
40879,2020-06-12 7:18:55,2020-06-12 1:18:55,2020-06-12 7:48:48,2020-06-12 01:48:48-06:00,Iridium,46.70453,-113.97618,1671,3.4,3D Validated,Mortality No Radius,11,3.28,3.52,Animal with Collar 40879
40879,2020-06-12 6:48:31,2020-06-12 0:48:31,2020-06-12 7:48:48,2020-06-12 01:48:48-06:00,Iridium,46.70461,-113.97628,1668,3,3D Validated,Mortality No Radius,12,3.28,3.52,Animal with Collar 40879
40879,2020-06-12 6:18:30,2020-06-12 0:18:30,2020-06-12 7:48:48,2020-06-12 01:48:48-06:00,Iridium,46.70463,-113.97615,1639,3.2,3D Validated,Mortality No Radius,12,3.28,3.52,Animal with Collar 40879
40879,2020-06-12 5:48:37,2020-06-11 23:48:37,2020-06-12 7:48:57,2020-06-12 01:48:57-06:00,Iridium,46.70454,-113.97628,1676,4,3D Validated,Mortality No Radius,13,3.28,3.52,Animal with Collar 40879
40879,2020-06-12 5:18:37,2020-06-11 23:18:37,2020-06-12 5:19:03,2020-06-11 23:19:03-06:00,Iridium,46.70472,-113.97615,1649,4.2,3D Validated,Mortality No Radius,13,3.28,3.52,Animal with Collar 40879
40879,2020-06-12 4:48:33,2020-06-11 22:48:33,2020-06-12 4:49:01,2020-06-11 22:49:01-06:00,Iridium,46.7044,-113.97604,1692,4,3D Validated,Mortality No Radius,14,3.28,3.52,Animal with Collar 40879
40879,2020-06-12 4:18:37,2020-06-11 22:18:37,2020-06-12 4:49:01,2020-06-11 22:49:01-06:00,Iridium,46.70458,-113.97613,1654,4,3D Validated,Mortality No Radius,14,3.28,3.52,Animal with Collar 40879
40879,2020-06-12 3:48:29,2020-06-11 21:48:29,2020-06-12 4:49:01,2020-06-11 22:49:01-06:00,Iridium,46.70466,-113.9762,1654,3.2,3D Validated,Mortality No Radius,15,3.28,3.52,Animal with Collar 40879
40879,2020-06-12 3:18:28,2020-06-11 21:18:28,2020-06-12 4:49:01,2020-06-11 22:49:01-06:00,Iridium,46.7046,-113.97616,1655,2.6,3D Validated,Mortality No Radius,15,3.28,3.52,Animal with Collar 40879
40879,2020-06-12 2:48:40,2020-06-11 20:48:40,2020-06-12 2:49:17,2020-06-11 20:49:17-06:00,Iridium,46.70468,-113.97615,1639,3.2,3D Validated,Mortality No Radius,16,3.28,3.52,Animal with Collar 40879
40879,2020-06-12 2:00:12,2020-06-11 20:00:12,2020-06-12 2:49:17,2020-06-11 20:49:17-06:00,Iridium,46.70435,-113.97578,1687,2.6,3D Validated,Nothing Detected,18,3.28,3.52,Animal with Collar 40879
40879,2020-06-12 1:00:09,2020-06-11 19:00:09,2020-06-12 2:49:17,2020-06-11 20:49:17-06:00,Iridium,46.70451,-113.97605,1635,2.2,3D Validated,Nothing Detected,22,3.28,3.6,Animal with Collar 40879
40879,2020-06-11 23:00:39,2020-06-11 17:00:39,2020-06-12 2:49:28,2020-06-11 20:49:28-06:00,Iridium,46.70461,-113.97618,1657,2.8,3D Validated,Nothing Detected,32,3.28,3.6,Animal with Collar 40879
40879,2020-06-11 22:00:38,2020-06-11 16:00:38,2020-06-12 2:49:28,2020-06-11 20:49:28-06:00,Iridium,46.70464,-113.97617,1657,5.4,3D Validated,Nothing Detected,41,3.28,3.6,Animal with Collar 40879
40879,2020-06-11 21:00:10,2020-06-11 15:00:10,2020-06-12 2:49:28,2020-06-11 20:49:28-06:00,Iridium,46.70457,-113.97619,1659,4.4,3D Validated,Nothing Detected,36,3.28,3.6,Animal with Collar 40879
40879,2020-06-11 20:00:39,2020-06-11 14:00:39,2020-06-12 2:49:28,2020-06-11 20:49:28-06:00,Iridium,46.70466,-113.97622,1655,2.6,3D Validated,Nothing Detected,36,3.28,3.6,Animal with Collar 40879
40879,2020-06-11 19:00:13,2020-06-11 13:00:13,2020-06-12 2:49:46,2020-06-11 20:49:46-06:00,Iridium,46.70469,-113.97632,1676,2.8,3D Validated,Nothing Detected,41,3.36,3.6,Animal with Collar 40879
40879,2020-06-11 18:00:38,2020-06-11 12:00:38,2020-06-12 2:49:46,2020-06-11 20:49:46-06:00,Iridium,46.70463,-113.97623,1655,3.4,3D Validated,Nothing Detected,37,3.28,3.6,Animal with Collar 40879
40879,2020-06-11 17:00:08,2020-06-11 11:00:08,2020-06-12 2:49:46,2020-06-11 20:49:46-06:00,Iridium,46.70467,-113.9762,1646,4.6,3D Validated,Nothing Detected,35,3.28,3.6,Animal with Collar 40879
40879,2020-06-11 16:00:37,2020-06-11 10:00:37,2020-06-12 2:49:46,2020-06-11 20:49:46-06:00,Iridium,46.70467,-113.97619,1642,3.2,3D Validated,Nothing Detected,32,3.28,3.6,Animal with Collar 40879
40879,2020-06-11 15:00:11,2020-06-11 9:00:11,2020-06-12 4:49:15,2020-06-11 22:49:15-06:00,Iridium,46.70462,-113.9763,1642,5.6,3D Validated,Nothing Detected,26,3.28,3.6,Animal with Collar 40879
40879,2020-06-11 14:00:38,2020-06-11 8:00:38,2020-06-12 4:49:15,2020-06-11 22:49:15-06:00,Iridium,46.70473,-113.97625,1633,3.4,3D Validated,Nothing Detected,15,3.28,3.52,Animal with Collar 40879
40879,2020-06-11 13:00:10,2020-06-11 7:00:10,2020-06-12 4:49:15,2020-06-11 22:49:15-06:00,Iridium,46.70448,-113.97619,1684,3.6,3D Validated,Nothing Detected,7,3.2,3.52,Animal with Collar 40879
40879,2020-06-11 12:00:36,2020-06-11 6:00:36,2020-06-12 4:49:15,2020-06-11 22:49:15-06:00,Iridium,46.70465,-113.97612,1656,2.6,3D Validated,Nothing Detected,6,3.2,3.52,Animal with Collar 40879
40879,2020-06-11 11:00:38,2020-06-11 5:00:38,2020-06-12 5:19:03,2020-06-11 23:19:03-06:00,Iridium,46.70464,-113.97623,1651,2,3D Validated,Nothing Detected,6,3.28,3.52,Animal with Collar 40879
40879,2020-06-11 10:00:15,2020-06-11 4:00:15,2020-06-12 5:19:03,2020-06-11 23:19:03-06:00,Iridium,46.70447,-113.97596,1691,6,3D Validated,Nothing Detected,6,3.28,3.52,Animal with Collar 40879
40879,2020-06-11 9:00:09,2020-06-11 3:00:09,2020-06-12 5:19:03,2020-06-11 23:19:03-06:00,Iridium,46.70459,-113.97621,1656,3.8,3D Validated,Nothing Detected,6,3.28,3.52,Animal with Collar 40879
40879,2020-06-11 8:00:38,2020-06-11 2:00:38,2020-06-12 5:19:13,2020-06-11 23:19:13-06:00,Iridium,46.70467,-113.97618,1651,2.4,3D Validated,Nothing Detected,6,3.28,3.52,Animal with Collar 40879
40879,2020-06-11 7:00:36,2020-06-11 1:00:36,2020-06-12 5:19:13,2020-06-11 23:19:13-06:00,Iridium,46.70462,-113.97613,1656,2,3D Validated,Nothing Detected,7,3.2,3.52,Animal with Collar 40879
40879,2020-06-11 6:00:37,2020-06-11 0:00:37,2020-06-12 5:19:13,2020-06-11 23:19:13-06:00,Iridium,46.70465,-113.97617,1645,4.2,3D Validated,Nothing Detected,7,3.28,3.52,Animal with Collar 40879
40879,2020-06-11 5:00:14,2020-06-10 23:00:14,2020-06-12 5:19:13,2020-06-11 23:19:13-06:00,Iridium,46.70425,-113.97576,1722,2.8,3D Validated,Nothing Detected,8,3.28,3.52,Animal with Collar 40879
40879,2020-06-11 4:00:10,2020-06-10 22:00:10,2020-06-12 5:19:20,2020-06-11 23:19:20-06:00,Iridium,46.7046,-113.97617,1652,2.4,3D Validated,Nothing Detected,9,3.28,3.52,Animal with Collar 40879
40879,2020-06-11 3:00:36,2020-06-10 21:00:36,2020-06-12 5:19:20,2020-06-11 23:19:20-06:00,Iridium,46.7046,-113.97622,1655,2,3D Validated,Nothing Detected,16,3.28,3.52,Animal with Collar 40879
40879,2020-06-11 2:00:08,2020-06-10 20:00:08,2020-06-12 5:19:20,2020-06-11 23:19:20-06:00,Iridium,46.70615,-113.97067,1721,2.8,3D Validated,Nothing Detected,22,3.28,3.52,Animal with Collar 40879
40879,2020-06-11 1:00:36,2020-06-10 19:00:36,2020-06-12 5:19:20,2020-06-11 23:19:20-06:00,Iridium,46.71318,-113.96135,1567,4,3D Validated,Nothing Detected,23,3.28,3.52,Animal with Collar 40879
40879,2020-06-11 0:01:55,2020-06-10 18:01:55,2020-06-11 0:02:57,2020-06-10 18:02:57-06:00,Iridium,46.71738,-113.97331,1429,5.8,3D Validated,Nothing Detected,24,3.28,3.52,Animal with Collar 40879
40879,2020-06-10 23:01:00,2020-06-10 17:01:00,2020-06-11 0:02:57,2020-06-10 18:02:57-06:00,Iridium,46.72255,-113.98154,1342,3,3D Validated,Nothing Detected,28,3.28,3.52,Animal with Collar 40879
40879,2020-06-10 22:00:09,2020-06-10 16:00:09,2020-06-11 0:02:57,2020-06-10 18:02:57-06:00,Iridium,46.72149,-113.98673,1414,2,3D Validated,Nothing Detected,31,3.28,3.52,Animal with Collar 40879
40879,2020-06-10 21:00:34,2020-06-10 15:00:34,2020-06-11 0:02:57,2020-06-10 18:02:57-06:00,Iridium,46.71971,-114.00098,1414,2,3D Validated,Nothing Detected,33,3.28,3.52,Animal with Collar 40879
40879,2020-06-10 20:01:30,2020-06-10 14:01:30,2020-06-11 0:03:09,2020-06-10 18:03:09-06:00,Iridium,46.71307,-113.99367,1516,3.4,3D Validated,Nothing Detected,26,3.28,3.52,Animal with Collar 40879
40879,2020-06-10 19:00:38,2020-06-10 13:00:38,2020-06-11 0:03:09,2020-06-10 18:03:09-06:00,Iridium,46.70786,-113.9942,1470,3,3D Validated,Nothing Detected,20,3.28,3.6,Animal with Collar 40879
40879,2020-06-10 18:00:38,2020-06-10 12:00:38,2020-06-11 0:03:09,2020-06-10 18:03:09-06:00,Iridium,46.70782,-113.99411,1518,4,3D Validated,Nothing Detected,26,3.28,3.6,Animal with Collar 40879
40879,2020-06-10 17:00:09,2020-06-10 11:00:09,2020-06-11 0:03:09,2020-06-10 18:03:09-06:00,Iridium,46.70786,-113.99424,1481,2.2,3D Validated,Nothing Detected,19,3.28,3.6,Animal with Collar 40879
40879,2020-06-10 16:00:40,2020-06-10 10:00:40,2020-06-11 0:03:18,2020-06-10 18:03:18-06:00,Iridium,46.70793,-113.99425,1480,2.6,3D Validated,Nothing Detected,19,3.28,3.6,Animal with Collar 40879
40879,2020-06-10 15:00:40,2020-06-10 9:00:40,2020-06-11 0:03:18,2020-06-10 18:03:18-06:00,Iridium,46.70788,-113.99422,1476,2.8,3D Validated,Nothing Detected,17,3.28,3.6,Animal with Collar 40879
40879,2020-06-10 14:00:57,2020-06-10 8:00:57,2020-06-11 0:03:18,2020-06-10 18:03:18-06:00,Iridium,46.70794,-113.99416,1503,2,3D Validated,Nothing Detected,15,3.28,3.6,Animal with Collar 40879
40879,2020-06-10 13:00:17,2020-06-10 7:00:17,2020-06-11 0:03:18,2020-06-10 18:03:18-06:00,Iridium,46.70786,-113.99432,1489,4,3D Validated,Nothing Detected,16,3.28,3.52,Animal with Collar 40879
40879,2020-06-10 12:00:38,2020-06-10 6:00:38,2020-06-10 12:01:00,2020-06-10 06:01:00-06:00,Iridium,46.70547,-114.01152,1237,2.4,3D Validated,Nothing Detected,15,3.28,3.52,Animal with Collar 40879
40879,2020-06-10 11:00:38,2020-06-10 5:00:38,2020-06-10 12:01:00,2020-06-10 06:01:00-06:00,Iridium,46.6991,-114.01941,1149,4,3D Validated,Nothing Detected,14,3.28,3.52,Animal with Collar 40879
40879,2020-06-10 10:00:09,2020-06-10 4:00:09,2020-06-10 12:01:00,2020-06-10 06:01:00-06:00,Iridium,46.70473,-114.00606,1322,2.2,3D Validated,Nothing Detected,14,3.28,3.6,Animal with Collar 40879
40879,2020-06-10 9:00:38,2020-06-10 3:00:38,2020-06-10 12:01:00,2020-06-10 06:01:00-06:00,Iridium,46.70477,-114.00597,1332,2,3D Validated,Nothing Detected,17,3.28,3.6,Animal with Collar 40879
40879,2020-06-10 8:00:40,2020-06-10 2:00:40,2020-06-10 8:01:51,2020-06-10 02:01:51-06:00,Iridium,46.70467,-114.00588,1338,5.8,3D Validated,Nothing Detected,18,3.28,3.6,Animal with Collar 40879
40879,2020-06-10 7:00:10,2020-06-10 1:00:10,2020-06-10 8:01:51,2020-06-10 02:01:51-06:00,Iridium,46.70476,-114.006,1323,1.8,3D Validated,Nothing Detected,18,3.36,3.6,Animal with Collar 40879
40879,2020-06-10 6:00:38,2020-06-10 0:00:38,2020-06-10 8:01:51,2020-06-10 02:01:51-06:00,Iridium,46.70472,-114.00606,1321,2,3D Validated,Nothing Detected,17,3.28,3.52,Animal with Collar 40879
40879,2020-06-10 5:00:40,2020-06-09 23:00:40,2020-06-10 8:01:51,2020-06-10 02:01:51-06:00,Iridium,46.70473,-114.006,1323,1.8,3D Validated,Nothing Detected,16,3.28,3.52,Animal with Collar 40879
40879,2020-06-10 4:00:11,2020-06-09 22:00:11,2020-06-10 8:02:17,2020-06-10 02:02:17-06:00,Iridium,46.69761,-114.00391,1319,4,3D Validated,Nothing Detected,17,3.28,3.52,Animal with Collar 40879
40879,2020-06-10 3:00:06,2020-06-09 21:00:06,2020-06-10 8:02:17,2020-06-10 02:02:17-06:00,Iridium,46.6934,-114.00436,1248,3,3D Validated,Nothing Detected,16,3.28,3.52,Animal with Collar 40879
40879,2020-06-10 2:00:40,2020-06-09 20:00:40,2020-06-10 8:02:17,2020-06-10 02:02:17-06:00,Iridium,46.69409,-113.98675,1476,2.8,3D Validated,Nothing Detected,15,3.28,3.52,Animal with Collar 40879
40879,2020-06-10 1:00:09,2020-06-09 19:00:09,2020-06-10 8:02:17,2020-06-10 02:02:17-06:00,Iridium,46.69017,-113.97844,1483,3.4,3D Validated,Nothing Detected,17,3.28,3.52,Animal with Collar 40879
40879,2020-06-10 0:00:38,2020-06-09 18:00:38,2020-06-10 0:01:00,2020-06-09 18:01:00-06:00,Iridium,46.68195,-113.98008,1258,1.8,3D Validated,Nothing Detected,22,3.28,3.52,Animal with Collar 40879
40879,2020-06-09 23:00:40,2020-06-09 17:00:40,2020-06-10 0:01:00,2020-06-09 18:01:00-06:00,Iridium,46.67599,-113.9857,1213,2,3D Validated,Nothing Detected,22,3.28,3.52,Animal with Collar 40879
40879,2020-06-09 22:00:13,2020-06-09 16:00:13,2020-06-10 0:01:00,2020-06-09 18:01:00-06:00,Iridium,46.67684,-113.97379,1314,3.6,3D Validated,Nothing Detected,24,3.28,3.52,Animal with Collar 40879
40879,2020-06-09 21:02:08,2020-06-09 15:02:08,2020-06-10 0:01:00,2020-06-09 18:01:00-06:00,Iridium,46.67827,-113.97529,1249,4.6,3D Validated,Nothing Detected,22,3.28,3.52,Animal with Collar 40879
40879,2020-06-09 20:00:25,2020-06-09 14:00:25,2020-06-09 20:01:28,2020-06-09 14:01:28-06:00,Iridium,46.67759,-113.98006,1235,3.6,3D Validated,Nothing Detected,18,3.28,3.6,Animal with Collar 40879
40879,2020-06-09 19:00:39,2020-06-09 13:00:39,2020-06-09 20:01:28,2020-06-09 14:01:28-06:00,Iridium,46.67734,-113.98008,1187,5.6,3D Validated,Nothing Detected,18,3.28,3.6,Animal with Collar 40879
40879,2020-06-09 18:00:40,2020-06-09 12:00:40,2020-06-09 20:01:28,2020-06-09 14:01:28-06:00,Iridium,46.67732,-113.98015,1233,2.6,3D Validated,Nothing Detected,18,3.28,3.52,Animal with Collar 40879
40879,2020-06-09 17:00:09,2020-06-09 11:00:09,2020-06-09 20:01:28,2020-06-09 14:01:28-06:00,Iridium,46.67641,-113.97829,1292,2.8,3D Validated,Nothing Detected,18,3.28,3.52,Animal with Collar 40879
40879,2020-06-09 16:00:40,2020-06-09 10:00:40,2020-06-09 20:01:48,2020-06-09 14:01:48-06:00,Iridium,46.6786,-113.97446,1261,2.6,3D Validated,Nothing Detected,16,3.28,3.6,Animal with Collar 40879
40879,2020-06-09 15:00:39,2020-06-09 9:00:39,2020-06-09 20:01:48,2020-06-09 14:01:48-06:00,Iridium,46.67865,-113.97448,1283,2.4,3D Validated,Nothing Detected,17,3.28,3.6,Animal with Collar 40879
40879,2020-06-09 14:00:21,2020-06-09 8:00:21,2020-06-09 20:01:48,2020-06-09 14:01:48-06:00,Iridium,46.67847,-113.97449,1294,2.6,3D Validated,Nothing Detected,12,3.28,3.52,Animal with Collar 40879
40879,2020-06-09 13:00:10,2020-06-09 7:00:10,2020-06-09 20:01:48,2020-06-09 14:01:48-06:00,Iridium,46.68196,-113.97298,1255,2.8,3D Validated,Nothing Detected,11,3.28,3.52,Animal with Collar 40879
40879,2020-06-09 12:00:40,2020-06-09 6:00:40,2020-06-09 12:02:14,2020-06-09 06:02:14-06:00,Iridium,46.68394,-113.97759,1308,2.4,3D Validated,Nothing Detected,9,3.28,3.6,Animal with Collar 40879
40879,2020-06-09 11:00:40,2020-06-09 5:00:40,2020-06-09 12:02:14,2020-06-09 06:02:14-06:00,Iridium,46.68388,-113.97816,1314,2.6,3D Validated,Nothing Detected,10,3.28,3.6,Animal with Collar 40879
40879,2020-06-09 10:00:12,2020-06-09 4:00:12,2020-06-09 12:02:14,2020-06-09 06:02:14-06:00,Iridium,46.68376,-113.97918,1303,4.8,3D Validated,Nothing Detected,11,3.28,3.6,Animal with Collar 40879
40879,2020-06-09 9:00:10,2020-06-09 3:00:10,2020-06-09 12:02:14,2020-06-09 06:02:14-06:00,Iridium,46.68365,-113.97887,1322,4,3D Validated,Nothing Detected,11,3.36,3.6,Animal with Collar 40879
40879,2020-06-09 8:00:40,2020-06-09 2:00:40,2020-06-09 8:00:58,2020-06-09 02:00:58-06:00,Iridium,46.68366,-113.97887,1316,1.8,3D Validated,Nothing Detected,8,3.28,3.6,Animal with Collar 40879
40879,2020-06-09 7:00:14,2020-06-09 1:00:14,2020-06-09 8:00:58,2020-06-09 02:00:58-06:00,Iridium,46.68364,-113.97885,1320,2.8,3D Validated,Nothing Detected,13,3.36,3.6,Animal with Collar 40879
40879,2020-06-09 6:00:39,2020-06-09 0:00:39,2020-06-09 8:00:58,2020-06-09 02:00:58-06:00,Iridium,46.68366,-113.97886,1313,3,3D Validated,Nothing Detected,12,3.28,3.6,Animal with Collar 40879
40879,2020-06-09 5:00:09,2020-06-08 23:00:09,2020-06-09 8:00:58,2020-06-09 02:00:58-06:00,Iridium,46.68377,-113.9792,1340,1.8,3D Validated,Nothing Detected,13,3.28,3.52,Animal with Collar 40879
40879,2020-06-09 4:00:08,2020-06-08 22:00:08,2020-06-09 4:00:35,2020-06-08 22:00:35-06:00,Iridium,46.67999,-113.97868,1270,2.6,3D Validated,Nothing Detected,13,3.28,3.52,Animal with Collar 40879
40879,2020-06-09 3:00:40,2020-06-08 21:00:40,2020-06-09 4:00:35,2020-06-08 22:00:35-06:00,Iridium,46.68504,-113.97128,1323,2,3D Validated,Nothing Detected,15,3.28,3.52,Animal with Collar 40879
40879,2020-06-09 2:00:09,2020-06-08 20:00:09,2020-06-09 4:00:35,2020-06-08 22:00:35-06:00,Iridium,46.69105,-113.97242,1460,3.4,3D Validated,Nothing Detected,18,3.28,3.52,Animal with Collar 40879
40879,2020-06-09 1:00:11,2020-06-08 19:00:11,2020-06-09 4:00:35,2020-06-08 22:00:35-06:00,Iridium,46.69501,-113.97279,1512,5,3D Validated,Nothing Detected,18,3.28,3.52,Animal with Collar 40879
40879,2020-06-09 0:00:38,2020-06-08 18:00:38,2020-06-09 0:00:58,2020-06-08 18:00:58-06:00,Iridium,46.70662,-113.96759,1688,2,3D Validated,Nothing Detected,18,3.28,3.52,Animal with Collar 40879
40879,2020-06-08 23:00:56,2020-06-08 17:00:56,2020-06-09 0:00:58,2020-06-08 18:00:58-06:00,Iridium,46.71031,-113.96963,1568,3,3D Validated,Nothing Detected,21,3.2,3.52,Animal with Collar 40879
40879,2020-06-08 22:00:11,2020-06-08 16:00:11,2020-06-09 0:00:58,2020-06-08 18:00:58-06:00,Iridium,46.7145,-113.98288,1698,7.4,3D Validated,Nothing Detected,23,3.28,3.52,Animal with Collar 40879
40879,2020-06-08 21:00:36,2020-06-08 15:00:36,2020-06-09 0:00:58,2020-06-08 18:00:58-06:00,Iridium,46.71789,-113.98967,1637,2,3D Validated,Nothing Detected,17,3.28,3.52,Animal with Collar 40879
40879,2020-06-08 20:00:10,2020-06-08 14:00:10,2020-06-09 0:01:16,2020-06-08 18:01:16-06:00,Iridium,46.72114,-113.99367,1476,3.4,3D Validated,Nothing Detected,15,3.28,3.6,Animal with Collar 40879
40879,2020-06-08 19:01:08,2020-06-08 13:01:08,2020-06-09 0:01:16,2020-06-08 18:01:16-06:00,Iridium,46.72108,-113.99371,1490,4.2,3D Validated,Nothing Detected,16,3.28,3.6,Animal with Collar 40879
40879,2020-06-08 18:01:36,2020-06-08 12:01:36,2020-06-09 0:01:16,2020-06-08 18:01:16-06:00,Iridium,46.72151,-113.99432,1475,3.8,3D Validated,Nothing Detected,16,3.2,3.52,Animal with Collar 40879
40879,2020-06-08 17:01:11,2020-06-08 11:01:11,2020-06-09 0:01:16,2020-06-08 18:01:16-06:00,Iridium,46.72287,-114.00705,1272,4.2,3D Validated,Nothing Detected,18,3.2,3.52,Animal with Collar 40879
40879,2020-06-08 16:00:21,2020-06-08 10:00:21,2020-06-08 16:00:52,2020-06-08 10:00:52-06:00,Iridium,46.72429,-114.0154,1184,2.4,3D Validated,Nothing Detected,15,3.28,3.52,Animal with Collar 40879
40879,2020-06-08 15:00:13,2020-06-08 9:00:13,2020-06-08 16:00:52,2020-06-08 10:00:52-06:00,Iridium,46.72347,-114.02057,1132,4.4,3D Validated,Nothing Detected,18,3.28,3.6,Animal with Collar 40879
40879,2020-06-08 14:00:38,2020-06-08 8:00:38,2020-06-08 16:00:52,2020-06-08 10:00:52-06:00,Iridium,46.72349,-114.02058,1141,2.2,3D Validated,Nothing Detected,21,3.28,3.6,Animal with Collar 40879
40879,2020-06-08 13:00:54,2020-06-08 7:00:54,2020-06-08 16:00:52,2020-06-08 10:00:52-06:00,Iridium,46.72349,-114.02065,1139,3,3D Validated,Nothing Detected,20,3.28,3.6,Animal with Collar 40879
40879,2020-06-08 12:01:06,2020-06-08 6:01:06,2020-06-08 16:01:02,2020-06-08 10:01:02-06:00,Iridium,46.72345,-114.02061,1135,2.8,3D Validated,Nothing Detected,15,3.28,3.6,Animal with Collar 40879
40879,2020-06-08 11:00:38,2020-06-08 5:00:38,2020-06-08 16:01:02,2020-06-08 10:01:02-06:00,Iridium,46.72343,-114.02058,1131,2.2,3D Validated,Nothing Detected,11,3.36,3.6,Animal with Collar 40879
40879,2020-06-08 10:00:14,2020-06-08 4:00:14,2020-06-08 16:01:02,2020-06-08 10:01:02-06:00,Iridium,46.72349,-114.02064,1147,2.8,3D Validated,Nothing Detected,12,3.36,3.6,Animal with Collar 40879
40879,2020-06-08 9:00:38,2020-06-08 3:00:38,2020-06-08 16:01:02,2020-06-08 10:01:02-06:00,Iridium,46.72343,-114.02071,1131,2.6,3D Validated,Nothing Detected,13,3.28,3.6,Animal with Collar 40879
40879,2020-06-08 8:02:58,2020-06-08 2:02:58,2020-06-08 16:01:13,2020-06-08 10:01:13-06:00,Iridium,46.72356,-114.02056,1153,9.2,3D,Nothing Detected,16,3.28,3.6,Animal with Collar 40879
40879,2020-06-08 7:00:10,2020-06-08 1:00:10,2020-06-08 16:01:13,2020-06-08 10:01:13-06:00,Iridium,46.72344,-114.02062,1138,1.8,3D Validated,Nothing Detected,13,3.28,3.6,Animal with Collar 40879
40879,2020-06-08 6:00:58,2020-06-08 0:00:58,2020-06-08 16:01:13,2020-06-08 10:01:13-06:00,Iridium,46.72342,-114.02059,1121,3.4,3D Validated,Nothing Detected,14,3.28,3.52,Animal with Collar 40879
40879,2020-06-08 5:00:10,2020-06-07 23:00:10,2020-06-08 16:01:13,2020-06-08 10:01:13-06:00,Iridium,46.71575,-114.01739,1219,3.8,3D Validated,Nothing Detected,16,3.28,3.52,Animal with Collar 40879
40879,2020-06-08 4:00:09,2020-06-07 22:00:09,2020-06-08 4:00:28,2020-06-07 22:00:28-06:00,Iridium,46.70641,-114.00449,1347,4.8,3D Validated,Nothing Detected,15,3.28,3.52,Animal with Collar 40879
40879,2020-06-08 3:01:08,2020-06-07 21:01:08,2020-06-08 4:00:28,2020-06-07 22:00:28-06:00,Iridium,46.71164,-113.99696,1446,2,3D Validated,Nothing Detected,14,3.2,3.52,Animal with Collar 40879
40879,2020-06-08 2:01:07,2020-06-07 20:01:07,2020-06-08 4:00:28,2020-06-07 22:00:28-06:00,Iridium,46.71603,-113.98715,1676,4.6,3D Validated,Nothing Detected,13,3.2,3.52,Animal with Collar 40879
40879,2020-06-08 1:00:10,2020-06-07 19:00:10,2020-06-08 4:00:28,2020-06-07 22:00:28-06:00,Iridium,46.71508,-113.97787,1588,4.2,3D Validated,Nothing Detected,14,3.28,3.52,Animal with Collar 40879
40879,2020-06-08 0:00:40,2020-06-07 18:00:40,2020-06-08 0:00:58,2020-06-07 18:00:58-06:00,Iridium,46.71242,-113.97776,1710,2.2,3D Validated,Nothing Detected,15,3.2,3.52,Animal with Collar 40879
40879,2020-06-07 23:00:22,2020-06-07 17:00:22,2020-06-08 0:00:58,2020-06-07 18:00:58-06:00,Iridium,46.70351,-113.97514,1626,6.6,3D Validated,Nothing Detected,14,3.28,3.6,Animal with Collar 40879
40879,2020-06-07 22:00:38,2020-06-07 16:00:38,2020-06-08 0:00:58,2020-06-07 18:00:58-06:00,Iridium,46.70403,-113.9746,1778,8.4,3D Validated,Nothing Detected,14,3.28,3.6,Animal with Collar 40879
40879,2020-06-07 21:00:20,2020-06-07 15:00:20,2020-06-08 0:00:58,2020-06-07 18:00:58-06:00,Iridium,46.7033,-113.97429,1613,4.6,3D Validated,Nothing Detected,17,3.28,3.6,Animal with Collar 40879
40879,2020-06-07 20:00:38,2020-06-07 14:00:38,2020-06-07 20:01:04,2020-06-07 14:01:04-06:00,Iridium,46.70336,-113.97417,1604,2,3D Validated,Nothing Detected,14,3.28,3.6,Animal with Collar 40879
40879,2020-06-07 19:00:39,2020-06-07 13:00:39,2020-06-07 20:01:04,2020-06-07 14:01:04-06:00,Iridium,46.7034,-113.97423,1589,3,3D Validated,Nothing Detected,15,3.28,3.6,Animal with Collar 40879
40879,2020-06-07 17:00:11,2020-06-07 11:00:11,2020-06-07 20:01:04,2020-06-07 14:01:04-06:00,Iridium,46.69616,-113.99187,1404,4.2,3D Validated,Nothing Detected,18,3.28,3.52,Animal with Collar 40879
40879,2020-06-07 16:00:09,2020-06-07 10:00:09,2020-06-07 20:01:14,2020-06-07 14:01:14-06:00,Iridium,46.69596,-113.99194,1406,2.6,3D Validated,Nothing Detected,16,3.28,3.6,Animal with Collar 40879
40879,2020-06-07 15:00:36,2020-06-07 9:00:36,2020-06-07 20:01:14,2020-06-07 14:01:14-06:00,Iridium,46.69594,-113.99194,1397,1.6,3D Validated,Nothing Detected,11,3.28,3.6,Animal with Collar 40879
40879,2020-06-07 14:00:09,2020-06-07 8:00:09,2020-06-07 20:01:14,2020-06-07 14:01:14-06:00,Iridium,46.696,-113.99198,1394,4.2,3D Validated,Nothing Detected,11,3.36,3.6,Animal with Collar 40879
40879,2020-06-07 13:00:38,2020-06-07 7:00:38,2020-06-07 20:01:14,2020-06-07 14:01:14-06:00,Iridium,46.69597,-113.99194,1394,3.2,3D Validated,Nothing Detected,12,3.28,3.6,Animal with Collar 40879
40879,2020-06-07 12:01:31,2020-06-07 6:01:31,2020-06-07 20:01:21,2020-06-07 14:01:21-06:00,Iridium,46.69592,-113.99199,1397,3.4,3D Validated,Nothing Detected,14,3.28,3.6,Animal with Collar 40879
40879,2020-06-07 11:00:10,2020-06-07 5:00:10,2020-06-07 20:01:21,2020-06-07 14:01:21-06:00,Iridium,46.69593,-113.99194,1402,2.6,3D Validated,Nothing Detected,14,3.28,3.6,Animal with Collar 40879
40879,2020-06-07 10:00:36,2020-06-07 4:00:36,2020-06-07 20:01:21,2020-06-07 14:01:21-06:00,Iridium,46.69594,-113.99193,1400,3.2,3D Validated,Nothing Detected,16,3.28,3.6,Animal with Collar 40879
40879,2020-06-07 9:00:36,2020-06-07 3:00:36,2020-06-07 20:01:21,2020-06-07 14:01:21-06:00,Iridium,46.69596,-113.99201,1390,5.8,3D Validated,Nothing Detected,16,3.28,3.52,Animal with Collar 40879
40879,2020-06-07 8:00:36,2020-06-07 2:00:36,2020-06-07 8:01:03,2020-06-07 02:01:03-06:00,Iridium,46.6958,-113.99271,1415,3.6,3D Validated,Nothing Detected,15,3.28,3.6,Animal with Collar 40879
40879,2020-06-07 7:00:36,2020-06-07 1:00:36,2020-06-07 8:01:03,2020-06-07 02:01:03-06:00,Iridium,46.69579,-113.99269,1413,2.2,3D Validated,Nothing Detected,15,3.28,3.6,Animal with Collar 40879
40879,2020-06-07 6:01:02,2020-06-07 0:01:02,2020-06-07 8:01:03,2020-06-07 02:01:03-06:00,Iridium,46.69577,-113.99274,1426,4.2,3D Validated,Nothing Detected,13,3.28,3.6,Animal with Collar 40879
40879,2020-06-07 5:00:09,2020-06-06 23:00:09,2020-06-07 8:01:03,2020-06-07 02:01:03-06:00,Iridium,46.69583,-113.99275,1412,1.8,3D Validated,Nothing Detected,17,3.28,3.52,Animal with Collar 40879
40879,2020-06-07 4:00:09,2020-06-06 22:00:09,2020-06-07 20:01:30,2020-06-07 14:01:30-06:00,Iridium,46.69594,-113.99193,1400,2.8,3D Validated,Nothing Detected,18,3.28,3.52,Animal with Collar 40879
40879,2020-06-07 3:00:37,2020-06-06 21:00:37,2020-06-07 20:01:30,2020-06-07 14:01:30-06:00,Iridium,46.69666,-113.99235,1451,2,3D Validated,Nothing Detected,15,3.28,3.52,Animal with Collar 40879
40879,2020-06-07 2:00:11,2020-06-06 20:00:11,2020-06-07 20:01:30,2020-06-07 14:01:30-06:00,Iridium,46.69819,-113.98243,1608,2.2,3D Validated,Nothing Detected,14,3.28,3.52,Animal with Collar 40879
40879,2020-06-07 1:01:24,2020-06-06 19:01:24,2020-06-07 20:01:30,2020-06-07 14:01:30-06:00,Iridium,46.69143,-113.97063,1409,2.8,3D Validated,Nothing Detected,16,3.28,3.52,Animal with Collar 40879
40879,2020-06-07 0:00:42,2020-06-06 18:00:42,2020-06-07 20:01:38,2020-06-07 14:01:38-06:00,Iridium,46.69156,-113.97121,1466,2.2,3D Validated,Nothing Detected,19,3.28,3.6,Animal with Collar 40879
40879,2020-06-06 23:01:19,2020-06-06 17:01:19,2020-06-07 20:01:38,2020-06-07 14:01:38-06:00,Iridium,46.69113,-113.97115,1416,6,3D,Nothing Detected,18,3.28,3.6,Animal with Collar 40879
40879,2020-06-06 22:00:41,2020-06-06 16:00:41,2020-06-07 20:01:38,2020-06-07 14:01:38-06:00,Iridium,46.69119,-113.97131,1428,4,3D Validated,Nothing Detected,17,3.28,3.52,Animal with Collar 40879
40879,2020-06-06 21:01:08,2020-06-06 15:01:08,2020-06-07 20:01:38,2020-06-07 14:01:38-06:00,Iridium,46.68709,-113.97123,1393,3.6,3D Validated,Nothing Detected,17,3.2,3.52,Animal with Collar 40879
40879,2020-06-06 20:00:18,2020-06-06 14:00:18,2020-06-06 20:00:47,2020-06-06 14:00:47-06:00,Iridium,46.68435,-113.97011,1285,7,3D Validated,Nothing Detected,18,3.28,3.6,Animal with Collar 40879
40879,2020-06-06 19:00:56,2020-06-06 13:00:56,2020-06-06 20:00:47,2020-06-06 14:00:47-06:00,Iridium,46.68478,-113.97055,1292,4.6,3D Validated,Nothing Detected,18,3.28,3.6,Animal with Collar 40879
40879,2020-06-06 18:00:38,2020-06-06 12:00:38,2020-06-06 20:00:47,2020-06-06 14:00:47-06:00,Iridium,46.68465,-113.97073,1324,3.2,3D Validated,Nothing Detected,19,3.28,3.6,Animal with Collar 40879
40879,2020-06-06 17:00:38,2020-06-06 11:00:38,2020-06-06 20:00:47,2020-06-06 14:00:47-06:00,Iridium,46.68486,-113.97069,1273,4,3D Validated,Nothing Detected,19,3.28,3.6,Animal with Collar 40879
40879,2020-06-06 16:00:12,2020-06-06 10:00:12,2020-06-07 20:01:46,2020-06-07 14:01:46-06:00,Iridium,46.68487,-113.97064,1301,3.6,3D Validated,Nothing Detected,20,3.28,3.6,Animal with Collar 40879
40879,2020-06-06 15:00:38,2020-06-06 9:00:38,2020-06-07 20:01:46,2020-06-07 14:01:46-06:00,Iridium,46.68481,-113.97061,1302,2.2,3D Validated,Nothing Detected,19,3.28,3.6,Animal with Collar 40879
40879,2020-06-06 14:00:36,2020-06-06 8:00:36,2020-06-07 20:01:46,2020-06-07 14:01:46-06:00,Iridium,46.68484,-113.97079,1275,2.8,3D Validated,Nothing Detected,20,3.28,3.6,Animal with Collar 40879
40879,2020-06-06 13:01:08,2020-06-06 7:01:08,2020-06-07 20:01:46,2020-06-07 14:01:46-06:00,Iridium,46.68463,-113.97041,1286,3.2,3D Validated,Nothing Detected,17,3.2,3.52,Animal with Collar 40879
40879,2020-06-06 12:00:42,2020-06-06 6:00:42,2020-06-06 12:03:25,2020-06-06 06:03:25-06:00,Iridium,46.68011,-113.97469,1246,5.8,3D,Nothing Detected,15,3.2,3.52,Animal with Collar 40879
40879,2020-06-06 11:00:09,2020-06-06 5:00:09,2020-06-06 12:03:25,2020-06-06 06:03:25-06:00,Iridium,46.67355,-113.97109,1302,2.2,3D Validated,Nothing Detected,15,3.28,3.6,Animal with Collar 40879
40879,2020-06-06 10:00:40,2020-06-06 4:00:40,2020-06-06 12:03:25,2020-06-06 06:03:25-06:00,Iridium,46.6736,-113.97107,1307,1.6,3D Validated,Nothing Detected,18,3.28,3.6,Animal with Collar 40879
40879,2020-06-06 9:01:56,2020-06-06 3:01:56,2020-06-06 12:03:25,2020-06-06 06:03:25-06:00,Iridium,46.67613,-113.96654,1369,4.2,3D Validated,Nothing Detected,19,3.28,3.52,Animal with Collar 40879
40879,2020-06-06 8:00:38,2020-06-06 2:00:38,2020-06-06 8:00:58,2020-06-06 02:00:58-06:00,Iridium,46.67672,-113.96796,1384,5.4,3D Validated,Nothing Detected,19,3.28,3.52,Animal with Collar 40879
40879,2020-06-06 7:00:13,2020-06-06 1:00:13,2020-06-06 8:00:58,2020-06-06 02:00:58-06:00,Iridium,46.67741,-113.964,1405,3.6,3D Validated,Nothing Detected,20,3.28,3.52,Animal with Collar 40879
40879,2020-06-06 6:00:39,2020-06-06 0:00:39,2020-06-06 8:00:58,2020-06-06 02:00:58-06:00,Iridium,46.6772,-113.96892,1380,2.8,3D Validated,Nothing Detected,19,3.28,3.52,Animal with Collar 40879
40879,2020-06-06 5:00:22,2020-06-05 23:00:22,2020-06-06 8:00:58,2020-06-06 02:00:58-06:00,Iridium,46.68032,-113.97469,1270,2,3D Validated,Nothing Detected,21,3.28,3.52,Animal with Collar 40879
40879,2020-06-06 4:00:10,2020-06-05 22:00:10,2020-06-06 4:00:34,2020-06-05 22:00:34-06:00,Iridium,46.68502,-113.97353,1391,2.8,3D Validated,Nothing Detected,21,3.28,3.6,Animal with Collar 40879
40879,2020-06-06 3:00:39,2020-06-05 21:00:39,2020-06-06 4:00:34,2020-06-05 22:00:34-06:00,Iridium,46.68983,-113.97285,1453,2,3D Validated,Nothing Detected,24,3.28,3.52,Animal with Collar 40879
40879,2020-06-06 2:00:10,2020-06-05 20:00:10,2020-06-06 4:00:34,2020-06-05 22:00:34-06:00,Iridium,46.69705,-113.97078,1496,3.2,3D Validated,Nothing Detected,25,3.28,3.52,Animal with Collar 40879
40879,2020-06-06 1:00:39,2020-06-05 19:00:39,2020-06-06 4:00:34,2020-06-05 22:00:34-06:00,Iridium,46.70142,-113.97278,1546,4.8,3D Validated,Nothing Detected,23,3.28,3.6,Animal with Collar 40879
40879,2020-06-05 23:00:10,2020-06-05 17:00:10,2020-06-06 0:03:18,2020-06-05 18:03:18-06:00,Iridium,46.70493,-113.98514,1667,2,3D Validated,Nothing Detected,36,3.28,3.6,Animal with Collar 40879
40879,2020-06-05 22:00:10,2020-06-05 16:00:10,2020-06-06 0:03:18,2020-06-05 18:03:18-06:00,Iridium,46.70517,-113.99474,1607,2.4,3D Validated,Nothing Detected,32,3.28,3.6,Animal with Collar 40879
40879,2020-06-05 21:00:38,2020-06-05 15:00:38,2020-06-06 0:03:18,2020-06-05 18:03:18-06:00,Iridium,46.70524,-113.99472,1611,2.2,3D Validated,Nothing Detected,32,3.28,3.6,Animal with Collar 40879
40879,2020-06-05 20:00:11,2020-06-05 14:00:11,2020-06-05 20:00:36,2020-06-05 14:00:36-06:00,Iridium,46.70715,-113.99805,1490,6.8,3D Validated,Nothing Detected,28,3.28,3.6,Animal with Collar 40879
40879,2020-06-05 19:01:08,2020-06-05 13:01:08,2020-06-05 20:00:36,2020-06-05 14:00:36-06:00,Iridium,46.70746,-113.99601,1499,3,3D Validated,Nothing Detected,27,3.28,3.6,Animal with Collar 40879
40879,2020-06-05 18:00:22,2020-06-05 12:00:22,2020-06-05 20:00:36,2020-06-05 14:00:36-06:00,Iridium,46.70755,-113.99619,1472,3.8,3D Validated,Nothing Detected,23,3.28,3.6,Animal with Collar 40879
40879,2020-06-05 17:00:33,2020-06-05 11:00:33,2020-06-05 20:00:36,2020-06-05 14:00:36-06:00,Iridium,46.70779,-113.99593,1464,2.2,3D Validated,Nothing Detected,21,3.28,3.6,Animal with Collar 40879
40879,2020-06-05 12:00:39,2020-06-05 6:00:39,2020-06-05 12:01:03,2020-06-05 06:01:03-06:00,Iridium,46.71024,-113.99944,1400,3.2,3D Validated,Nothing Detected,16,3.28,3.52,Animal with Collar 40879
40879,2020-06-05 11:00:38,2020-06-05 5:00:38,2020-06-05 12:01:03,2020-06-05 06:01:03-06:00,Iridium,46.70711,-114.00359,1362,2,3D Validated,Nothing Detected,16,3.28,3.52,Animal with Collar 40879
40879,2020-06-05 10:00:10,2020-06-05 4:00:10,2020-06-05 12:01:03,2020-06-05 06:01:03-06:00,Iridium,46.70842,-113.99934,1417,2,3D Validated,Nothing Detected,17,3.28,3.52,Animal with Collar 40879
40879,2020-06-05 9:00:36,2020-06-05 3:00:36,2020-06-05 12:01:03,2020-06-05 06:01:03-06:00,Iridium,46.70435,-114.00225,1426,2.8,3D Validated,Nothing Detected,16,3.28,3.52,Animal with Collar 40879
40879,2020-06-05 8:00:38,2020-06-05 2:00:38,2020-06-05 20:01:16,2020-06-05 14:01:16-06:00,Iridium,46.70207,-113.99815,1439,4,3D Validated,Nothing Detected,15,3.28,3.6,Animal with Collar 40879
40879,2020-06-05 7:00:09,2020-06-05 1:00:09,2020-06-05 20:01:16,2020-06-05 14:01:16-06:00,Iridium,46.69999,-113.99734,1482,3.4,3D Validated,Nothing Detected,17,3.28,3.6,Animal with Collar 40879
40879,2020-06-05 6:00:38,2020-06-05 0:00:38,2020-06-05 20:01:16,2020-06-05 14:01:16-06:00,Iridium,46.69999,-113.99728,1476,2,3D Validated,Nothing Detected,17,3.28,3.6,Animal with Collar 40879
40879,2020-06-05 5:00:09,2020-06-04 23:00:09,2020-06-05 20:01:16,2020-06-05 14:01:16-06:00,Iridium,46.69888,-113.99372,1548,2.4,3D Validated,Nothing Detected,17,3.28,3.52,Animal with Collar 40879
40879,2020-06-05 4:00:33,2020-06-04 22:00:33,2020-06-05 4:01:12,2020-06-04 22:01:12-06:00,Iridium,46.70035,-113.98363,1562,3.6,3D Validated,Nothing Detected,16,3.28,3.52,Animal with Collar 40879
40879,2020-06-05 3:00:09,2020-06-04 21:00:09,2020-06-05 4:01:12,2020-06-04 22:01:12-06:00,Iridium,46.70252,-113.9751,1632,4,3D Validated,Nothing Detected,18,3.28,3.52,Animal with Collar 40879
40879,2020-06-05 2:00:40,2020-06-04 20:00:40,2020-06-05 4:01:12,2020-06-04 22:01:12-06:00,Iridium,46.70842,-113.97486,1706,2.4,3D Validated,Nothing Detected,20,3.28,3.52,Animal with Collar 40879
40879,2020-06-05 1:00:09,2020-06-04 19:00:09,2020-06-05 4:01:12,2020-06-04 22:01:12-06:00,Iridium,46.70843,-113.97535,1700,2.2,3D Validated,Nothing Detected,22,3.28,3.6,Animal with Collar 40879
40879,2020-06-05 0:00:32,2020-06-04 18:00:32,2020-06-05 4:01:21,2020-06-04 22:01:21-06:00,Iridium,46.70913,-113.97338,1653,2.8,3D Validated,Nothing Detected,20,3.28,3.6,Animal with Collar 40879
40879,2020-06-04 23:00:38,2020-06-04 17:00:38,2020-06-05 4:01:21,2020-06-04 22:01:21-06:00,Iridium,46.70941,-113.97344,1692,2.2,3D Validated,Nothing Detected,22,3.28,3.6,Animal with Collar 40879
40879,2020-06-04 22:00:38,2020-06-04 16:00:38,2020-06-05 4:01:21,2020-06-04 22:01:21-06:00,Iridium,46.70658,-113.97205,1720,3.6,3D Validated,Nothing Detected,26,3.28,3.52,Animal with Collar 40879
40879,2020-06-04 21:00:38,2020-06-04 15:00:38,2020-06-05 4:01:21,2020-06-04 22:01:21-06:00,Iridium,46.70752,-113.9697,1676,3.8,3D Validated,Nothing Detected,24,3.28,3.52,Animal with Collar 40879
40879,2020-06-04 20:03:02,2020-06-04 14:03:02,2020-06-05 20:01:44,2020-06-05 14:01:44-06:00,Iridium,46.71301,-113.96817,1472,7.6,3D,Nothing Detected,22,3.2,3.52,Animal with Collar 40879
40879,2020-06-04 18:00:28,2020-06-04 12:00:28,2020-06-05 20:01:44,2020-06-05 14:01:44-06:00,Iridium,46.71818,-113.99196,1558,3,3D Validated,Nothing Detected,25,3.28,3.6,Animal with Collar 40879
40879,2020-06-04 17:00:38,2020-06-04 11:00:38,2020-06-05 20:01:44,2020-06-05 14:01:44-06:00,Iridium,46.71537,-113.99544,1502,2.2,3D Validated,Nothing Detected,22,3.28,3.6,Animal with Collar 40879
40879,2020-06-04 16:00:10,2020-06-04 10:00:10,2020-06-05 20:01:51,2020-06-05 14:01:51-06:00,Iridium,46.71527,-113.99541,1524,3.2,3D Validated,Nothing Detected,20,3.28,3.6,Animal with Collar 40879
40879,2020-06-04 15:01:08,2020-06-04 9:01:08,2020-06-05 20:01:51,2020-06-05 14:01:51-06:00,Iridium,46.71552,-113.99549,1506,4,3D Validated,Nothing Detected,17,3.28,3.52,Animal with Collar 40879
40879,2020-06-04 14:00:32,2020-06-04 8:00:32,2020-06-05 20:01:51,2020-06-05 14:01:51-06:00,Iridium,46.71684,-113.9968,1442,1.8,3D Validated,Nothing Detected,18,3.28,3.52,Animal with Collar 40879
40879,2020-06-04 13:00:16,2020-06-04 7:00:16,2020-06-05 20:01:51,2020-06-05 14:01:51-06:00,Iridium,46.71919,-114.0048,1300,3.2,3D Validated,Nothing Detected,20,3.28,3.52,Animal with Collar 40879
40879,2020-06-04 12:01:30,2020-06-04 6:01:30,2020-06-04 12:04:10,2020-06-04 06:04:10-06:00,Iridium,46.71913,-114.00479,1301,3,3D Validated,Nothing Detected,19,3.28,3.52,Animal with Collar 40879
40879,2020-06-04 11:02:30,2020-06-04 5:02:30,2020-06-04 12:04:10,2020-06-04 06:04:10-06:00,Iridium,46.71928,-114.00474,1327,2.8,3D Validated,Nothing Detected,19,3.28,3.6,Animal with Collar 40879
40879,2020-06-04 10:00:43,2020-06-04 4:00:43,2020-06-04 12:04:10,2020-06-04 06:04:10-06:00,Iridium,46.71921,-114.00473,1306,3.2,3D Validated,Nothing Detected,20,3.28,3.6,Animal with Collar 40879
40879,2020-06-04 9:01:08,2020-06-04 3:01:08,2020-06-04 12:04:10,2020-06-04 06:04:10-06:00,Iridium,46.71921,-114.00465,1345,3.8,3D Validated,Nothing Detected,18,3.28,3.6,Animal with Collar 40879
40879,2020-06-04 8:00:42,2020-06-04 2:00:42,2020-06-04 12:04:17,2020-06-04 06:04:17-06:00,Iridium,46.71915,-114.0047,1329,4,3D Validated,Nothing Detected,17,3.28,3.6,Animal with Collar 40879
40879,2020-06-04 7:01:36,2020-06-04 1:01:36,2020-06-04 12:04:17,2020-06-04 06:04:17-06:00,Iridium,46.71914,-114.00479,1297,6.4,3D Validated,Nothing Detected,18,3.28,3.6,Animal with Collar 40879
40879,2020-06-04 6:02:59,2020-06-04 0:02:59,2020-06-04 12:04:17,2020-06-04 06:04:17-06:00,Iridium,46.7182,-114.00538,1339,18.4,3D,Nothing Detected,19,3.2,3.52,Animal with Collar 40879
40879,2020-06-04 5:00:25,2020-06-03 23:00:25,2020-06-04 12:04:17,2020-06-04 06:04:17-06:00,Iridium,46.71888,-114.00452,1333,3.4,3D Validated,Nothing Detected,19,3.28,3.52,Animal with Collar 40879
40879,2020-06-04 4:00:40,2020-06-03 22:00:40,2020-06-04 4:01:36,2020-06-03 22:01:36-06:00,Iridium,46.71489,-113.99234,1562,2.8,3D Validated,Nothing Detected,18,3.28,3.52,Animal with Collar 40879
40879,2020-06-04 3:00:39,2020-06-03 21:00:39,2020-06-04 4:01:36,2020-06-03 22:01:36-06:00,Iridium,46.7114,-113.98035,1794,4,3D Validated,Nothing Detected,18,3.28,3.52,Animal with Collar 40879
40879,2020-06-04 2:00:10,2020-06-03 20:00:10,2020-06-04 4:01:36,2020-06-03 22:01:36-06:00,Iridium,46.7058,-113.97343,1700,9.6,3D Validated,Nothing Detected,21,3.28,3.52,Animal with Collar 40879
40879,2020-06-04 1:01:02,2020-06-03 19:01:02,2020-06-04 4:01:36,2020-06-03 22:01:36-06:00,Iridium,46.70311,-113.97691,1669,3.2,3D Validated,Nothing Detected,23,3.28,3.52,Animal with Collar 40879
40879,2020-06-04 0:00:39,2020-06-03 18:00:39,2020-06-04 4:01:54,2020-06-03 22:01:54-06:00,Iridium,46.69614,-113.97458,1555,2.6,3D Validated,Nothing Detected,24,3.28,3.6,Animal with Collar 40879
40879,2020-06-03 23:00:38,2020-06-03 17:00:38,2020-06-04 4:01:54,2020-06-03 22:01:54-06:00,Iridium,46.69345,-113.97592,1505,4.6,3D Validated,Nothing Detected,25,3.28,3.6,Animal with Collar 40879
40879,2020-06-03 22:00:38,2020-06-03 16:00:38,2020-06-04 4:01:54,2020-06-03 22:01:54-06:00,Iridium,46.6933,-113.97601,1463,4.2,3D Validated,Nothing Detected,32,3.28,3.6,Animal with Collar 40879
40879,2020-06-03 21:00:40,2020-06-03 15:00:40,2020-06-04 4:01:54,2020-06-03 22:01:54-06:00,Iridium,46.69323,-113.97585,1527,3.8,3D Validated,Nothing Detected,29,3.28,3.6,Animal with Collar 40879
40879,2020-06-03 20:00:41,2020-06-03 14:00:41,2020-06-03 20:01:05,2020-06-03 14:01:05-06:00,Iridium,46.69348,-113.97562,1535,3.6,3D Validated,Nothing Detected,24,3.28,3.6,Animal with Collar 40879
40879,2020-06-03 19:00:18,2020-06-03 13:00:18,2020-06-03 20:01:05,2020-06-03 14:01:05-06:00,Iridium,46.69345,-113.97525,1472,3.4,3D Validated,Nothing Detected,29,3.28,3.52,Animal with Collar 40879
40879,2020-06-03 18:00:58,2020-06-03 12:00:58,2020-06-03 20:01:05,2020-06-03 14:01:05-06:00,Iridium,46.68658,-113.97785,1365,2.6,3D Validated,Nothing Detected,42,3.28,3.52,Animal with Collar 40879
40879,2020-06-03 17:00:10,2020-06-03 11:00:10,2020-06-03 20:01:05,2020-06-03 14:01:05-06:00,Iridium,46.67911,-113.98167,1213,3.6,3D Validated,Nothing Detected,28,3.28,3.52,Animal with Collar 40879
40879,2020-06-03 16:00:36,2020-06-03 10:00:36,2020-06-04 4:02:00,2020-06-03 22:02:00-06:00,Iridium,46.67659,-113.98361,1210,2.2,3D Validated,Nothing Detected,22,3.28,3.6,Animal with Collar 40879
40879,2020-06-03 15:00:40,2020-06-03 9:00:40,2020-06-04 4:02:00,2020-06-03 22:02:00-06:00,Iridium,46.67656,-113.98369,1222,4.6,3D Validated,Nothing Detected,18,3.28,3.6,Animal with Collar 40879
40879,2020-06-03 14:00:10,2020-06-03 8:00:10,2020-06-04 4:02:00,2020-06-03 22:02:00-06:00,Iridium,46.67649,-113.98375,1208,4,3D Validated,Nothing Detected,20,3.28,3.52,Animal with Collar 40879
40879,2020-06-03 13:00:38,2020-06-03 7:00:38,2020-06-04 4:02:00,2020-06-03 22:02:00-06:00,Iridium,46.67635,-113.98417,1216,2,3D Validated,Nothing Detected,18,3.28,3.52,Animal with Collar 40879
40879,2020-06-03 12:00:14,2020-06-03 6:00:14,2020-06-03 12:00:39,2020-06-03 06:00:39-06:00,Iridium,46.67507,-113.99116,1153,3.6,3D Validated,Nothing Detected,16,3.28,3.52,Animal with Collar 40879
40879,2020-06-03 11:00:40,2020-06-03 5:00:40,2020-06-03 12:00:39,2020-06-03 06:00:39-06:00,Iridium,46.66927,-114.00678,1085,2.4,3D Validated,Nothing Detected,17,3.28,3.52,Animal with Collar 40879
40879,2020-06-03 10:00:09,2020-06-03 4:00:09,2020-06-03 12:00:39,2020-06-03 06:00:39-06:00,Iridium,46.66668,-114.01291,1101,4,3D Validated,Nothing Detected,17,3.28,3.52,Animal with Collar 40879
40879,2020-06-03 9:00:09,2020-06-03 3:00:09,2020-06-03 12:00:39,2020-06-03 06:00:39-06:00,Iridium,46.66967,-114.00002,1158,1.8,3D Validated,Nothing Detected,19,3.28,3.52,Animal with Collar 40879
40879,2020-06-03 8:00:40,2020-06-03 2:00:40,2020-06-03 8:01:03,2020-06-03 02:01:03-06:00,Iridium,46.67563,-113.97846,1292,1.4,3D Validated,Nothing Detected,20,3.28,3.52,Animal with Collar 40879
40879,2020-06-03 7:00:17,2020-06-03 1:00:17,2020-06-03 8:01:03,2020-06-03 02:01:03-06:00,Iridium,46.67985,-113.9739,1262,6.2,3D Validated,Nothing Detected,21,3.28,3.6,Animal with Collar 40879
40879,2020-06-03 6:00:40,2020-06-03 0:00:40,2020-06-03 8:01:03,2020-06-03 02:01:03-06:00,Iridium,46.67981,-113.97395,1286,4.4,3D Validated,Nothing Detected,20,3.28,3.6,Animal with Collar 40879
40879,2020-06-03 5:01:05,2020-06-02 23:01:05,2020-06-03 8:01:03,2020-06-03 02:01:03-06:00,Iridium,46.68017,-113.97492,1264,4.4,3D Validated,Nothing Detected,23,3.28,3.52,Animal with Collar 40879
40879,2020-06-03 3:02:42,2020-06-02 21:02:42,2020-06-03 8:01:11,2020-06-03 02:01:11-06:00,Iridium,46.68,-113.97465,1241,5.8,3D Validated,Nothing Detected,24,3.28,3.52,Animal with Collar 40879
40879,2020-06-03 2:01:18,2020-06-02 20:01:18,2020-06-03 8:01:11,2020-06-03 02:01:11-06:00,Iridium,46.68011,-113.97474,1254,9.6,3D Validated,Nothing Detected,24,3.28,3.6,Animal with Collar 40879
40879,2020-06-03 1:00:38,2020-06-02 19:00:38,2020-06-03 8:01:11,2020-06-03 02:01:11-06:00,Iridium,46.67979,-113.97359,1268,2.4,3D Validated,Nothing Detected,26,3.28,3.6,Animal with Collar 40879
40879,2020-06-03 0:01:02,2020-06-02 18:01:02,2020-06-03 0:03:09,2020-06-02 18:03:09-06:00,Iridium,46.67825,-113.97665,1287,2.4,3D Validated,Nothing Detected,32,3.28,3.6,Animal with Collar 40879
40879,2020-06-02 23:00:24,2020-06-02 17:00:24,2020-06-03 0:03:09,2020-06-02 18:03:09-06:00,Iridium,46.6773,-113.97727,1441,4.4,3D Validated,Nothing Detected,42,3.28,3.6,Animal with Collar 40879
40879,2020-06-02 22:00:38,2020-06-02 16:00:38,2020-06-03 0:03:09,2020-06-02 18:03:09-06:00,Iridium,46.67771,-113.97736,1217,3.6,3D Validated,Nothing Detected,34,3.28,3.6,Animal with Collar 40879
40879,2020-06-02 21:01:08,2020-06-02 15:01:08,2020-06-03 0:03:09,2020-06-02 18:03:09-06:00,Iridium,46.6778,-113.97776,1279,2.6,3D Validated,Nothing Detected,26,3.28,3.6,Animal with Collar 40879
40879,2020-06-02 20:00:09,2020-06-02 14:00:09,2020-06-02 20:01:54,2020-06-02 14:01:54-06:00,Iridium,46.6776,-113.97724,1220,3.4,3D Validated,Nothing Detected,23,3.28,3.6,Animal with Collar 40879
40879,2020-06-02 19:00:38,2020-06-02 13:00:38,2020-06-02 20:01:54,2020-06-02 14:01:54-06:00,Iridium,46.67663,-113.9791,1278,2.6,3D Validated,Nothing Detected,31,3.28,3.52,Animal with Collar 40879
40879,2020-06-02 18:03:02,2020-06-02 12:03:02,2020-06-02 20:01:54,2020-06-02 14:01:54-06:00,Iridium,46.67868,-113.97339,1288,5.8,3D,Nothing Detected,22,3.28,3.6,Animal with Collar 40879
40879,2020-06-02 17:00:36,2020-06-02 11:00:36,2020-06-02 20:01:54,2020-06-02 14:01:54-06:00,Iridium,46.67895,-113.97395,1279,2.2,3D Validated,Nothing Detected,20,3.28,3.6,Animal with Collar 40879
40879,2020-06-02 16:00:36,2020-06-02 10:00:36,2020-06-02 20:02:03,2020-06-02 14:02:03-06:00,Iridium,46.67897,-113.97388,1285,2.4,3D Validated,Nothing Detected,19,3.28,3.6,Animal with Collar 40879
40879,2020-06-02 15:01:36,2020-06-02 9:01:36,2020-06-02 20:02:03,2020-06-02 14:02:03-06:00,Iridium,46.67884,-113.97393,1257,5,3D Validated,Nothing Detected,19,3.28,3.6,Animal with Collar 40879
40879,2020-06-02 13:01:12,2020-06-02 7:01:12,2020-06-02 20:02:03,2020-06-02 14:02:03-06:00,Iridium,46.68014,-113.97437,1294,5,3D Validated,Nothing Detected,12,3.2,3.52,Animal with Collar 40879
40879,2020-06-02 12:00:40,2020-06-02 6:00:40,2020-06-02 20:02:13,2020-06-02 14:02:13-06:00,Iridium,46.68469,-113.97366,1390,3,3D Validated,Nothing Detected,14,3.28,3.6,Animal with Collar 40879
40879,2020-06-02 11:00:38,2020-06-02 5:00:38,2020-06-02 20:02:13,2020-06-02 14:02:13-06:00,Iridium,46.68464,-113.97362,1386,2.2,3D Validated,Nothing Detected,15,3.36,3.6,Animal with Collar 40879
40879,2020-06-02 10:00:39,2020-06-02 4:00:39,2020-06-02 20:02:13,2020-06-02 14:02:13-06:00,Iridium,46.68462,-113.97366,1389,2.2,3D Validated,Nothing Detected,14,3.28,3.6,Animal with Collar 40879
40879,2020-06-02 9:00:12,2020-06-02 3:00:12,2020-06-02 20:02:13,2020-06-02 14:02:13-06:00,Iridium,46.68455,-113.9736,1390,3.8,3D Validated,Nothing Detected,17,3.36,3.6,Animal with Collar 40879
40879,2020-06-02 8:00:13,2020-06-02 2:00:13,2020-06-02 8:00:42,2020-06-02 02:00:42-06:00,Iridium,46.68496,-113.97386,1350,5.4,3D Validated,Nothing Detected,17,3.28,3.6,Animal with Collar 40879
40879,2020-06-02 7:00:11,2020-06-02 1:00:11,2020-06-02 8:00:42,2020-06-02 02:00:42-06:00,Iridium,46.68471,-113.97366,1379,3.2,3D Validated,Nothing Detected,16,3.28,3.6,Animal with Collar 40879
40879,2020-06-02 6:00:39,2020-06-02 0:00:39,2020-06-02 8:00:42,2020-06-02 02:00:42-06:00,Iridium,46.68463,-113.97368,1393,2.6,3D Validated,Nothing Detected,17,3.28,3.6,Animal with Collar 40879
40879,2020-06-02 5:00:10,2020-06-01 23:00:10,2020-06-02 8:00:42,2020-06-02 02:00:42-06:00,Iridium,46.68457,-113.97358,1388,2.2,3D Validated,Nothing Detected,15,3.28,3.52,Animal with Collar 40879
40879,2020-06-02 4:00:08,2020-06-01 22:00:08,2020-06-02 4:00:30,2020-06-01 22:00:30-06:00,Iridium,46.68432,-113.97447,1381,3,3D Validated,Nothing Detected,17,3.28,3.52,Animal with Collar 40879
40879,2020-06-02 3:00:38,2020-06-01 21:00:38,2020-06-02 4:00:30,2020-06-01 22:00:30-06:00,Iridium,46.68879,-113.97499,1432,1.6,3D Validated,Nothing Detected,17,3.28,3.52,Animal with Collar 40879
40879,2020-06-02 2:00:09,2020-06-01 20:00:09,2020-06-02 4:00:30,2020-06-01 22:00:30-06:00,Iridium,46.70084,-113.97371,1582,2.6,3D Validated,Nothing Detected,17,3.28,3.52,Animal with Collar 40879
40879,2020-06-02 1:01:10,2020-06-01 19:01:10,2020-06-02 4:00:30,2020-06-01 22:00:30-06:00,Iridium,46.70343,-113.96892,1652,1.8,3D Validated,Nothing Detected,16,3.2,3.52,Animal with Collar 40879
40879,2020-06-01 23:00:13,2020-06-01 17:00:13,2020-06-02 0:01:59,2020-06-01 18:01:59-06:00,Iridium,46.71362,-113.96833,1425,4.4,3D Validated,Nothing Detected,17,3.28,3.52,Animal with Collar 40879
40879,2020-06-01 22:01:02,2020-06-01 16:01:02,2020-06-02 0:01:59,2020-06-01 18:01:59-06:00,Iridium,46.71711,-113.97492,1455,3.8,3D Validated,Nothing Detected,16,3.28,3.52,Animal with Collar 40879
40879,2020-06-01 21:00:11,2020-06-01 15:00:11,2020-06-02 0:01:59,2020-06-01 18:01:59-06:00,Iridium,46.72099,-113.98216,1433,4.4,3D Validated,Nothing Detected,21,3.28,3.6,Animal with Collar 40879
40879,2020-06-01 20:00:38,2020-06-01 14:00:38,2020-06-01 20:01:03,2020-06-01 14:01:03-06:00,Iridium,46.72098,-113.98218,1442,2.4,3D Validated,Nothing Detected,24,3.28,3.6,Animal with Collar 40879
40879,2020-06-01 19:00:14,2020-06-01 13:00:14,2020-06-01 20:01:03,2020-06-01 14:01:03-06:00,Iridium,46.72126,-113.98207,1416,3.6,3D Validated,Nothing Detected,20,3.28,3.6,Animal with Collar 40879
40879,2020-06-01 18:00:39,2020-06-01 12:00:39,2020-06-01 20:01:03,2020-06-01 14:01:03-06:00,Iridium,46.72129,-113.98207,1419,2,3D Validated,Nothing Detected,21,3.28,3.6,Animal with Collar 40879
40879,2020-06-01 17:00:38,2020-06-01 11:00:38,2020-06-01 20:01:03,2020-06-01 14:01:03-06:00,Iridium,46.72145,-113.9821,1401,2,3D Validated,Nothing Detected,20,3.28,3.6,Animal with Collar 40879
40879,2020-06-01 16:00:14,2020-06-01 10:00:14,2020-06-01 16:00:36,2020-06-01 10:00:36-06:00,Iridium,46.72195,-113.98197,1377,3.2,3D Validated,Nothing Detected,19,3.28,3.52,Animal with Collar 40879
40879,2020-06-01 15:02:55,2020-06-01 9:02:55,2020-06-01 16:00:36,2020-06-01 10:00:36-06:00,Iridium,46.72409,-113.98225,1315,4.8,3D Validated,Nothing Detected,19,3.2,3.52,Animal with Collar 40879
40879,2020-06-01 14:00:08,2020-06-01 8:00:08,2020-06-01 16:00:36,2020-06-01 10:00:36-06:00,Iridium,46.72359,-113.99198,1365,2,3D Validated,Nothing Detected,20,3.28,3.52,Animal with Collar 40879
40879,2020-06-01 13:00:33,2020-06-01 7:00:33,2020-06-01 16:00:36,2020-06-01 10:00:36-06:00,Iridium,46.72396,-114.00512,1288,1.6,3D Validated,Nothing Detected,15,3.28,3.52,Animal with Collar 40879
40879,2020-06-01 12:00:31,2020-06-01 6:00:31,2020-06-01 12:01:33,2020-06-01 06:01:33-06:00,Iridium,46.71818,-114.00719,1299,3.8,3D Validated,Nothing Detected,13,3.28,3.52,Animal with Collar 40879
40879,2020-06-01 11:00:40,2020-06-01 5:00:40,2020-06-01 12:01:33,2020-06-01 06:01:33-06:00,Iridium,46.70249,-114.01779,1187,2.2,3D Validated,Nothing Detected,13,3.28,3.52,Animal with Collar 40879
40879,2020-06-01 10:00:09,2020-06-01 4:00:09,2020-06-01 12:01:33,2020-06-01 06:01:33-06:00,Iridium,46.69442,-114.00283,1321,3.4,3D Validated,Nothing Detected,14,3.28,3.52,Animal with Collar 40879
40879,2020-06-01 9:00:40,2020-06-01 3:00:40,2020-06-01 12:01:33,2020-06-01 06:01:33-06:00,Iridium,46.69218,-113.99977,1272,3.2,3D Validated,Nothing Detected,13,3.28,3.6,Animal with Collar 40879
40879,2020-06-01 8:00:10,2020-06-01 2:00:10,2020-06-01 12:01:43,2020-06-01 06:01:43-06:00,Iridium,46.69203,-113.99974,1269,4.8,3D Validated,Nothing Detected,14,3.28,3.6,Animal with Collar 40879
40879,2020-06-01 7:00:38,2020-06-01 1:00:38,2020-06-01 12:01:43,2020-06-01 06:01:43-06:00,Iridium,46.69213,-113.99977,1272,2.8,3D Validated,Nothing Detected,16,3.28,3.6,Animal with Collar 40879
40879,2020-06-01 6:00:12,2020-06-01 0:00:12,2020-06-01 12:01:43,2020-06-01 06:01:43-06:00,Iridium,46.69228,-113.99979,1256,5,3D Validated,Nothing Detected,17,3.28,3.6,Animal with Collar 40879
40879,2020-06-01 5:00:39,2020-05-31 23:00:39,2020-06-01 12:01:43,2020-06-01 06:01:43-06:00,Iridium,46.69213,-113.99977,1272,2.6,3D Validated,Nothing Detected,18,3.28,3.6,Animal with Collar 40879
40879,2020-06-01 4:00:09,2020-05-31 22:00:09,2020-06-01 12:01:53,2020-06-01 06:01:53-06:00,Iridium,46.6921,-113.99947,1273,5.2,3D Validated,Nothing Detected,19,3.28,3.52,Animal with Collar 40879
40879,2020-06-01 3:00:40,2020-05-31 21:00:40,2020-06-01 12:01:53,2020-06-01 06:01:53-06:00,Iridium,46.69206,-113.99937,1271,4.4,3D Validated,Nothing Detected,18,3.28,3.52,Animal with Collar 40879
40879,2020-06-01 2:00:49,2020-05-31 20:00:49,2020-06-01 12:01:53,2020-06-01 06:01:53-06:00,Iridium,46.697,-113.97654,1597,3.2,3D Validated,Nothing Detected,17,3.28,3.52,Animal with Collar 40879
40879,2020-06-01 1:00:38,2020-05-31 19:00:38,2020-06-01 12:01:53,2020-06-01 06:01:53-06:00,Iridium,46.69271,-113.9728,1497,2.6,3D Validated,Nothing Detected,20,3.28,3.52,Animal with Collar 40879
40879,2020-06-01 0:00:40,2020-05-31 18:00:40,2020-06-01 12:02:08,2020-06-01 06:02:08-06:00,Iridium,46.68322,-113.97168,1263,3,3D Validated,Nothing Detected,26,3.28,3.52,Animal with Collar 40879
40879,2020-05-31 23:00:18,2020-05-31 17:00:18,2020-06-01 12:02:08,2020-06-01 06:02:08-06:00,Iridium,46.68009,-113.97458,1242,4.4,3D Validated,Nothing Detected,26,3.28,3.52,Animal with Collar 40879
40879,2020-05-31 22:00:38,2020-05-31 16:00:38,2020-06-01 12:02:08,2020-06-01 06:02:08-06:00,Iridium,46.67873,-113.97504,1231,3.4,3D Validated,Nothing Detected,26,3.28,3.6,Animal with Collar 40879
40879,2020-05-31 21:00:08,2020-05-31 15:00:08,2020-06-01 12:02:08,2020-06-01 06:02:08-06:00,Iridium,46.67786,-113.97798,1231,4.6,3D Validated,Nothing Detected,27,3.28,3.52,Animal with Collar 40879
40879,2020-05-31 20:00:38,2020-05-31 14:00:38,2020-06-01 12:02:18,2020-06-01 06:02:18-06:00,Iridium,46.67653,-113.98344,1217,2.6,3D Validated,Nothing Detected,23,3.28,3.6,Animal with Collar 40879
40879,2020-05-31 19:00:10,2020-05-31 13:00:10,2020-06-01 12:02:18,2020-06-01 06:02:18-06:00,Iridium,46.67667,-113.98351,1237,3.2,3D Validated,Nothing Detected,23,3.28,3.6,Animal with Collar 40879
40879,2020-05-31 18:00:56,2020-05-31 12:00:56,2020-06-01 12:02:18,2020-06-01 06:02:18-06:00,Iridium,46.67659,-113.9835,1217,2.8,3D Validated,Nothing Detected,21,3.28,3.6,Animal with Collar 40879
40879,2020-05-31 17:00:38,2020-05-31 11:00:38,2020-06-01 12:02:18,2020-06-01 06:02:18-06:00,Iridium,46.6766,-113.98349,1221,2,3D Validated,Nothing Detected,21,3.28,3.6,Animal with Collar 40879
40879,2020-05-31 16:00:11,2020-05-31 10:00:11,2020-05-31 16:00:35,2020-05-31 10:00:35-06:00,Iridium,46.67659,-113.98312,1268,5,3D Validated,Nothing Detected,19,3.28,3.6,Animal with Collar 40879
40879,2020-05-31 15:01:09,2020-05-31 9:01:09,2020-05-31 16:00:35,2020-05-31 10:00:35-06:00,Iridium,46.67656,-113.98342,1219,4.4,3D Validated,Nothing Detected,19,3.28,3.52,Animal with Collar 40879
40879,2020-05-31 14:00:36,2020-05-31 8:00:36,2020-05-31 16:00:35,2020-05-31 10:00:35-06:00,Iridium,46.67941,-113.98115,1228,3.2,3D Validated,Nothing Detected,18,3.28,3.6,Animal with Collar 40879
40879,2020-05-31 13:00:09,2020-05-31 7:00:09,2020-05-31 16:00:35,2020-05-31 10:00:35-06:00,Iridium,46.6837,-113.97808,1306,5.4,3D Validated,Nothing Detected,20,3.28,3.52,Animal with Collar 40879
40879,2020-05-31 12:00:38,2020-05-31 6:00:38,2020-05-31 16:00:43,2020-05-31 10:00:43-06:00,Iridium,46.68801,-113.97923,1424,1.8,3D Validated,Nothing Detected,22,3.28,3.52,Animal with Collar 40879
40879,2020-05-31 11:00:38,2020-05-31 5:00:38,2020-05-31 16:00:43,2020-05-31 10:00:43-06:00,Iridium,46.69422,-113.97654,1547,4.2,3D Validated,Nothing Detected,22,3.28,3.6,Animal with Collar 40879
40879,2020-05-31 10:00:38,2020-05-31 4:00:38,2020-05-31 16:00:43,2020-05-31 10:00:43-06:00,Iridium,46.69685,-113.97087,1522,7.6,3D Validated,Nothing Detected,21,3.28,3.6,Animal with Collar 40879
40879,2020-05-31 9:00:14,2020-05-31 3:00:14,2020-05-31 16:00:43,2020-05-31 10:00:43-06:00,Iridium,46.69685,-113.97118,1530,3.8,3D Validated,Nothing Detected,20,3.28,3.6,Animal with Collar 40879
40879,2020-05-31 8:00:38,2020-05-31 2:00:38,2020-05-31 8:01:21,2020-05-31 02:01:21-06:00,Iridium,46.69677,-113.97102,1489,3.2,3D Validated,Nothing Detected,23,3.28,3.6,Animal with Collar 40879
40879,2020-05-31 7:03:00,2020-05-31 1:03:00,2020-05-31 8:01:21,2020-05-31 02:01:21-06:00,Iridium,46.69685,-113.97105,1505,11.4,3D,Nothing Detected,21,3.28,3.6,Animal with Collar 40879
40879,2020-05-31 6:00:37,2020-05-31 0:00:37,2020-05-31 8:01:21,2020-05-31 02:01:21-06:00,Iridium,46.6969,-113.97099,1489,2.4,3D Validated,Nothing Detected,22,3.28,3.6,Animal with Collar 40879
40879,2020-05-31 5:00:16,2020-05-30 23:00:16,2020-05-31 8:01:21,2020-05-31 02:01:21-06:00,Iridium,46.69721,-113.97109,1460,4.6,3D Validated,Nothing Detected,24,3.28,3.6,Animal with Collar 40879
40879,2020-05-31 4:00:17,2020-05-30 22:00:17,2020-05-31 4:01:29,2020-05-30 22:01:29-06:00,Iridium,46.69788,-113.97066,1483,2.4,3D Validated,Nothing Detected,25,3.28,3.6,Animal with Collar 40879
40879,2020-05-31 3:00:38,2020-05-30 21:00:38,2020-05-31 4:01:29,2020-05-30 22:01:29-06:00,Iridium,46.69977,-113.97103,1488,4.4,3D Validated,Nothing Detected,24,3.28,3.52,Animal with Collar 40879
40879,2020-05-31 2:01:30,2020-05-30 20:01:30,2020-05-31 4:01:29,2020-05-30 22:01:29-06:00,Iridium,46.70232,-113.97362,1576,3.8,3D Validated,Nothing Detected,27,3.28,3.6,Animal with Collar 40879
40879,2020-05-31 1:00:38,2020-05-30 19:00:38,2020-05-31 4:01:29,2020-05-30 22:01:29-06:00,Iridium,46.70417,-113.97523,1657,3.2,3D Validated,Nothing Detected,28,3.28,3.6,Animal with Collar 40879
40879,2020-05-31 0:00:12,2020-05-30 18:00:12,2020-05-31 0:00:55,2020-05-30 18:00:55-06:00,Iridium,46.7083,-113.98199,1806,2,3D Validated,Nothing Detected,30,3.28,3.6,Animal with Collar 40879
40879,2020-05-30 23:00:38,2020-05-30 17:00:38,2020-05-31 0:00:55,2020-05-30 18:00:55-06:00,Iridium,46.70815,-113.98531,1704,2.6,3D Validated,Nothing Detected,30,3.28,3.6,Animal with Collar 40879
40879,2020-05-30 22:00:39,2020-05-30 16:00:39,2020-05-31 0:00:55,2020-05-30 18:00:55-06:00,Iridium,46.70787,-113.9854,1676,4,3D Validated,Nothing Detected,34,3.28,3.6,Animal with Collar 40879
40879,2020-05-30 21:00:12,2020-05-30 15:00:12,2020-05-31 0:00:55,2020-05-30 18:00:55-06:00,Iridium,46.70914,-113.99144,1625,5.6,3D Validated,Nothing Detected,33,3.28,3.6,Animal with Collar 40879
40879,2020-05-30 20:00:10,2020-05-30 14:00:10,2020-05-31 0:01:06,2020-05-30 18:01:06-06:00,Iridium,46.71352,-113.99313,1545,3.2,3D Validated,Nothing Detected,30,3.28,3.6,Animal with Collar 40879
40879,2020-05-30 19:01:08,2020-05-30 13:01:08,2020-05-31 0:01:06,2020-05-30 18:01:06-06:00,Iridium,46.72045,-113.99411,1515,2.4,3D Validated,Nothing Detected,31,3.28,3.6,Animal with Collar 40879
40879,2020-05-30 18:01:08,2020-05-30 12:01:08,2020-05-31 0:01:06,2020-05-30 18:01:06-06:00,Iridium,46.72118,-113.99384,1476,6.2,3D Validated,Nothing Detected,32,3.28,3.6,Animal with Collar 40879
40879,2020-05-30 17:00:38,2020-05-30 11:00:38,2020-05-31 0:01:06,2020-05-30 18:01:06-06:00,Iridium,46.72119,-113.99383,1473,2.4,3D Validated,Nothing Detected,35,3.28,3.6,Animal with Collar 40879
40879,2020-05-30 16:00:38,2020-05-30 10:00:38,2020-05-31 0:01:16,2020-05-30 18:01:16-06:00,Iridium,46.72125,-113.99387,1483,3.6,3D Validated,Nothing Detected,32,3.28,3.6,Animal with Collar 40879
40879,2020-05-30 15:00:35,2020-05-30 9:00:35,2020-05-31 0:01:16,2020-05-30 18:01:16-06:00,Iridium,46.72115,-113.99393,1480,3.8,3D Validated,Nothing Detected,22,3.28,3.52,Animal with Collar 40879
40879,2020-05-30 14:00:38,2020-05-30 8:00:38,2020-05-31 0:01:16,2020-05-30 18:01:16-06:00,Iridium,46.72161,-113.99857,1410,3.4,3D Validated,Nothing Detected,20,3.28,3.52,Animal with Collar 40879
40879,2020-05-30 13:00:38,2020-05-30 7:00:38,2020-05-31 0:01:16,2020-05-30 18:01:16-06:00,Iridium,46.72252,-114.00281,1317,2.8,3D Validated,Nothing Detected,18,3.28,3.52,Animal with Collar 40879
40879,2020-05-30 12:00:38,2020-05-30 6:00:38,2020-05-30 12:01:01,2020-05-30 06:01:01-06:00,Iridium,46.7226,-114.00008,1363,4,3D Validated,Nothing Detected,18,3.28,3.52,Animal with Collar 40879
40879,2020-05-30 11:00:09,2020-05-30 5:00:09,2020-05-30 12:01:01,2020-05-30 06:01:01-06:00,Iridium,46.72885,-113.99245,1268,3.4,3D Validated,Nothing Detected,17,3.28,3.52,Animal with Collar 40879
40879,2020-05-30 10:00:40,2020-05-30 4:00:40,2020-05-30 12:01:01,2020-05-30 06:01:01-06:00,Iridium,46.72935,-113.98672,1305,2.2,3D Validated,Nothing Detected,20,3.28,3.6,Animal with Collar 40879
40879,2020-05-30 9:00:38,2020-05-30 3:00:38,2020-05-30 12:01:01,2020-05-30 06:01:01-06:00,Iridium,46.72946,-113.98669,1316,3.6,3D Validated,Nothing Detected,25,3.28,3.6,Animal with Collar 40879
40879,2020-05-30 8:00:40,2020-05-30 2:00:40,2020-05-30 8:01:21,2020-05-30 02:01:21-06:00,Iridium,46.72937,-113.98673,1311,2.8,3D Validated,Nothing Detected,22,3.28,3.6,Animal with Collar 40879
40879,2020-05-30 7:00:09,2020-05-30 1:00:09,2020-05-30 8:01:21,2020-05-30 02:01:21-06:00,Iridium,46.72938,-113.98664,1314,3.8,3D Validated,Nothing Detected,20,3.28,3.6,Animal with Collar 40879
40879,2020-05-30 6:00:38,2020-05-30 0:00:38,2020-05-30 8:01:21,2020-05-30 02:01:21-06:00,Iridium,46.72935,-113.98658,1311,3,3D Validated,Nothing Detected,20,3.28,3.6,Animal with Collar 40879
40879,2020-05-30 5:00:40,2020-05-29 23:00:40,2020-05-30 8:01:21,2020-05-30 02:01:21-06:00,Iridium,46.7294,-113.9867,1300,2.4,3D Validated,Nothing Detected,22,3.28,3.6,Animal with Collar 40879
40879,2020-05-30 4:00:09,2020-05-29 22:00:09,2020-05-30 4:00:32,2020-05-29 22:00:32-06:00,Iridium,46.72727,-113.98313,1471,3.8,3D Validated,Nothing Detected,22,3.28,3.52,Animal with Collar 40879
40879,2020-05-30 3:00:57,2020-05-29 21:00:57,2020-05-30 4:00:32,2020-05-29 22:00:32-06:00,Iridium,46.71881,-113.97258,1409,4.4,3D Validated,Nothing Detected,22,3.28,3.52,Animal with Collar 40879
40879,2020-05-30 2:00:09,2020-05-29 20:00:09,2020-05-30 4:00:32,2020-05-29 22:00:32-06:00,Iridium,46.70672,-113.96951,1706,5.8,3D Validated,Nothing Detected,27,3.28,3.6,Animal with Collar 40879
40879,2020-05-30 1:00:38,2020-05-29 19:00:38,2020-05-30 4:00:32,2020-05-29 22:00:32-06:00,Iridium,46.70628,-113.97334,1700,2.2,3D Validated,Nothing Detected,25,3.28,3.6,Animal with Collar 40879
40879,2020-05-30 0:00:40,2020-05-29 18:00:40,2020-05-30 0:01:01,2020-05-29 18:01:01-06:00,Iridium,46.70625,-113.97324,1699,1.8,3D Validated,Nothing Detected,28,3.28,3.6,Animal with Collar 40879
40879,2020-05-29 23:00:24,2020-05-29 17:00:24,2020-05-30 0:01:01,2020-05-29 18:01:01-06:00,Iridium,46.70633,-113.97362,1727,2.2,3D Validated,Nothing Detected,37,3.28,3.6,Animal with Collar 40879
40879,2020-05-29 22:00:39,2020-05-29 16:00:39,2020-05-30 0:01:01,2020-05-29 18:01:01-06:00,Iridium,46.70668,-113.97282,1712,2.2,3D Validated,Nothing Detected,27,3.28,3.52,Animal with Collar 40879
40879,2020-05-29 21:00:25,2020-05-29 15:00:25,2020-05-30 0:01:01,2020-05-29 18:01:01-06:00,Iridium,46.71264,-113.97793,1715,5.8,3D Validated,Nothing Detected,28,3.28,3.6,Animal with Collar 40879
40879,2020-05-29 20:00:38,2020-05-29 14:00:38,2020-05-29 20:01:35,2020-05-29 14:01:35-06:00,Iridium,46.7137,-113.979,1686,2.8,3D Validated,Nothing Detected,27,3.28,3.6,Animal with Collar 40879
40879,2020-05-29 19:00:20,2020-05-29 13:00:20,2020-05-29 20:01:35,2020-05-29 14:01:35-06:00,Iridium,46.7136,-113.979,1683,2.8,3D Validated,Nothing Detected,28,3.28,3.6,Animal with Collar 40879
40879,2020-05-29 18:01:10,2020-05-29 12:01:10,2020-05-29 20:01:35,2020-05-29 14:01:35-06:00,Iridium,46.71366,-113.98013,1750,6.2,3D Validated,Nothing Detected,22,3.28,3.6,Animal with Collar 40879
40879,2020-05-29 17:00:38,2020-05-29 11:00:38,2020-05-29 20:01:35,2020-05-29 14:01:35-06:00,Iridium,46.71341,-113.98013,1714,2.2,3D Validated,Nothing Detected,22,3.28,3.6,Animal with Collar 40879
40879,2020-05-29 16:00:09,2020-05-29 10:00:09,2020-05-29 16:00:31,2020-05-29 10:00:31-06:00,Iridium,46.71341,-113.98016,1705,3.8,3D Validated,Nothing Detected,21,3.28,3.6,Animal with Collar 40879
40879,2020-05-29 15:00:40,2020-05-29 9:00:40,2020-05-29 16:00:31,2020-05-29 10:00:31-06:00,Iridium,46.71339,-113.98029,1707,4,3D Validated,Nothing Detected,23,3.28,3.6,Animal with Collar 40879
40879,2020-05-29 14:00:09,2020-05-29 8:00:09,2020-05-29 16:00:31,2020-05-29 10:00:31-06:00,Iridium,46.71022,-113.98275,1792,2.4,3D Validated,Nothing Detected,21,3.28,3.52,Animal with Collar 40879
40879,2020-05-29 13:00:38,2020-05-29 7:00:38,2020-05-29 16:00:31,2020-05-29 10:00:31-06:00,Iridium,46.70938,-113.98415,1723,2.4,3D Validated,Nothing Detected,19,3.28,3.52,Animal with Collar 40879
40879,2020-05-29 12:00:39,2020-05-29 6:00:39,2020-05-29 12:01:16,2020-05-29 06:01:16-06:00,Iridium,46.7046,-113.99344,1628,4,3D Validated,Nothing Detected,19,3.28,3.52,Animal with Collar 40879
40879,2020-05-29 11:00:40,2020-05-29 5:00:40,2020-05-29 12:01:16,2020-05-29 06:01:16-06:00,Iridium,46.70662,-114.00337,1380,4.2,3D Validated,Nothing Detected,18,3.28,3.52,Animal with Collar 40879
40879,2020-05-29 10:00:40,2020-05-29 4:00:40,2020-05-29 12:01:16,2020-05-29 06:01:16-06:00,Iridium,46.70939,-114.00249,1351,5.4,3D Validated,Nothing Detected,20,3.28,3.6,Animal with Collar 40879
40879,2020-05-29 9:00:38,2020-05-29 3:00:38,2020-05-29 12:01:16,2020-05-29 06:01:16-06:00,Iridium,46.70935,-114.0024,1372,2.6,3D Validated,Nothing Detected,19,3.28,3.6,Animal with Collar 40879
40879,2020-05-29 8:00:15,2020-05-29 2:00:15,2020-05-29 8:02:13,2020-05-29 02:02:13-06:00,Iridium,46.70918,-114.00225,1374,3.2,3D Validated,Nothing Detected,19,3.28,3.52,Animal with Collar 40879
40879,2020-05-29 7:00:11,2020-05-29 1:00:11,2020-05-29 8:02:13,2020-05-29 02:02:13-06:00,Iridium,46.71073,-114.00246,1373,1.8,3D Validated,Nothing Detected,18,3.28,3.52,Animal with Collar 40879
40879,2020-05-29 6:00:39,2020-05-29 0:00:39,2020-05-29 8:02:13,2020-05-29 02:02:13-06:00,Iridium,46.71913,-114.01122,1276,1.2,3D Validated,Nothing Detected,19,3.28,3.52,Animal with Collar 40879
40879,2020-05-29 5:00:09,2020-05-28 23:00:09,2020-05-29 8:02:13,2020-05-29 02:02:13-06:00,Iridium,46.72095,-113.99584,1500,3,3D Validated,Nothing Detected,20,3.28,3.52,Animal with Collar 40879
40879,2020-05-29 4:00:09,2020-05-28 22:00:09,2020-05-29 8:02:23,2020-05-29 02:02:23-06:00,Iridium,46.71749,-113.98492,1626,2.6,3D Validated,Nothing Detected,20,3.28,3.52,Animal with Collar 40879
40879,2020-05-29 3:00:38,2020-05-28 21:00:38,2020-05-29 8:02:23,2020-05-29 02:02:23-06:00,Iridium,46.70868,-113.9714,1651,1.8,3D Validated,Nothing Detected,22,3.28,3.52,Animal with Collar 40879
40879,2020-05-29 2:00:09,2020-05-28 20:00:09,2020-05-29 8:02:23,2020-05-29 02:02:23-06:00,Iridium,46.70657,-113.97253,1721,1.8,3D Validated,Nothing Detected,25,3.28,3.6,Animal with Collar 40879
40879,2020-05-29 1:00:40,2020-05-28 19:00:40,2020-05-29 8:02:23,2020-05-29 02:02:23-06:00,Iridium,46.70554,-113.97314,1699,2.2,3D Validated,Nothing Detected,27,3.28,3.6,Animal with Collar 40879
40879,2020-05-29 0:00:40,2020-05-28 18:00:40,2020-05-29 0:01:11,2020-05-28 18:01:11-06:00,Iridium,46.70489,-113.97362,1672,3,3D Validated,Nothing Detected,26,3.28,3.52,Animal with Collar 40879
40879,2020-05-28 23:00:40,2020-05-28 17:00:40,2020-05-29 0:01:11,2020-05-28 18:01:11-06:00,Iridium,46.7008,-113.97224,1545,5,3D Validated,Nothing Detected,26,3.28,3.6,Animal with Collar 40879
40879,2020-05-28 22:02:08,2020-05-28 16:02:08,2020-05-29 0:01:11,2020-05-28 18:01:11-06:00,Iridium,46.70093,-113.97244,1529,4.2,3D Validated,Nothing Detected,29,3.28,3.6,Animal with Collar 40879
40879,2020-05-28 21:00:10,2020-05-28 15:00:10,2020-05-29 0:01:11,2020-05-28 18:01:11-06:00,Iridium,46.70097,-113.97232,1572,4.8,3D Validated,Nothing Detected,32,3.28,3.6,Animal with Collar 40879
40879,2020-05-28 20:00:40,2020-05-28 14:00:40,2020-05-29 0:02:13,2020-05-28 18:02:13-06:00,Iridium,46.69993,-113.97125,1502,7.2,3D Validated,Nothing Detected,38,3.28,3.6,Animal with Collar 40879
40879,2020-05-28 19:00:40,2020-05-28 13:00:40,2020-05-29 0:02:13,2020-05-28 18:02:13-06:00,Iridium,46.69589,-113.97226,1477,3.8,3D Validated,Nothing Detected,25,3.28,3.6,Animal with Collar 40879
40879,2020-05-28 18:00:54,2020-05-28 12:00:54,2020-05-29 0:02:13,2020-05-28 18:02:13-06:00,Iridium,46.69584,-113.97225,1487,2,3D Validated,Nothing Detected,25,3.28,3.6,Animal with Collar 40879
40879,2020-05-28 17:00:39,2020-05-28 11:00:39,2020-05-29 0:02:13,2020-05-28 18:02:13-06:00,Iridium,46.69596,-113.97221,1503,2.8,3D Validated,Nothing Detected,22,3.28,3.6,Animal with Collar 40879
40879,2020-05-28 16:00:38,2020-05-28 10:00:38,2020-05-28 16:01:02,2020-05-28 10:01:02-06:00,Iridium,46.69592,-113.97223,1496,2.4,3D Validated,Nothing Detected,26,3.28,3.52,Animal with Collar 40879
40879,2020-05-28 15:00:11,2020-05-28 9:00:11,2020-05-28 16:01:02,2020-05-28 10:01:02-06:00,Iridium,46.69456,-113.97237,1498,2.2,3D Validated,Nothing Detected,24,3.28,3.6,Animal with Collar 40879
40879,2020-05-28 14:00:38,2020-05-28 8:00:38,2020-05-28 16:01:02,2020-05-28 10:01:02-06:00,Iridium,46.69465,-113.97219,1506,2.6,3D Validated,Nothing Detected,25,3.28,3.52,Animal with Collar 40879
40879,2020-05-28 13:00:38,2020-05-28 7:00:38,2020-05-28 16:01:02,2020-05-28 10:01:02-06:00,Iridium,46.69157,-113.97334,1471,6.4,3D Validated,Nothing Detected,15,3.28,3.52,Animal with Collar 40879
40879,2020-05-28 12:03:00,2020-05-28 6:03:00,2020-05-28 16:01:11,2020-05-28 10:01:11-06:00,Iridium,46.68399,-113.97084,1276,5.4,3D,Nothing Detected,12,3.2,3.52,Animal with Collar 40879
40879,2020-05-28 11:00:11,2020-05-28 5:00:11,2020-05-28 16:01:11,2020-05-28 10:01:11-06:00,Iridium,46.6786,-113.9744,1267,4.2,3D Validated,Nothing Detected,14,3.28,3.52,Animal with Collar 40879
40879,2020-05-28 10:00:09,2020-05-28 4:00:09,2020-05-28 16:01:11,2020-05-28 10:01:11-06:00,Iridium,46.6824,-113.97075,1275,3.6,3D Validated,Nothing Detected,14,3.28,3.52,Animal with Collar 40879
40879,2020-05-28 9:00:40,2020-05-28 3:00:40,2020-05-28 16:01:11,2020-05-28 10:01:11-06:00,Iridium,46.68739,-113.97329,1428,1.8,3D Validated,Nothing Detected,15,3.28,3.6,Animal with Collar 40879
40879,2020-05-28 8:00:25,2020-05-28 2:00:25,2020-05-28 16:01:27,2020-05-28 10:01:27-06:00,Iridium,46.69375,-113.97487,1460,6.8,3D Validated,Nothing Detected,17,3.28,3.6,Animal with Collar 40879
40879,2020-05-28 7:00:23,2020-05-28 1:00:23,2020-05-28 16:01:27,2020-05-28 10:01:27-06:00,Iridium,46.69351,-113.97489,1554,4.8,3D Validated,Nothing Detected,17,3.28,3.6,Animal with Collar 40879
40879,2020-05-28 6:00:40,2020-05-28 0:00:40,2020-05-28 16:01:27,2020-05-28 10:01:27-06:00,Iridium,46.69344,-113.97509,1533,2.4,3D Validated,Nothing Detected,15,3.28,3.6,Animal with Collar 40879
40879,2020-05-28 5:00:15,2020-05-27 23:00:15,2020-05-28 16:01:27,2020-05-28 10:01:27-06:00,Iridium,46.69337,-113.97447,1557,2.8,3D Validated,Nothing Detected,14,3.28,3.6,Animal with Collar 40879
40879,2020-05-28 4:01:02,2020-05-27 22:01:02,2020-05-28 16:01:36,2020-05-28 10:01:36-06:00,Iridium,46.69537,-113.97468,1548,4.4,3D Validated,Nothing Detected,18,3.28,3.52,Animal with Collar 40879
40879,2020-05-28 3:00:09,2020-05-27 21:00:09,2020-05-28 16:01:36,2020-05-28 10:01:36-06:00,Iridium,46.70867,-113.97948,1806,2,3D Validated,Nothing Detected,20,3.28,3.52,Animal with Collar 40879
40879,2020-05-28 2:00:40,2020-05-27 20:00:40,2020-05-28 16:01:36,2020-05-28 10:01:36-06:00,Iridium,46.7099,-113.98853,1697,2,3D Validated,Nothing Detected,24,3.28,3.6,Animal with Collar 40879
40879,2020-05-28 1:00:08,2020-05-27 19:00:08,2020-05-28 16:01:36,2020-05-28 10:01:36-06:00,Iridium,46.70957,-113.98926,1684,3.4,3D Validated,Nothing Detected,26,3.28,3.6,Animal with Collar 40879
40879,2020-05-28 0:01:08,2020-05-27 18:01:08,2020-05-28 0:01:49,2020-05-27 18:01:49-06:00,Iridium,46.7105,-113.9928,1574,2.4,3D Validated,Nothing Detected,23,3.28,3.6,Animal with Collar 40879
40879,2020-05-27 23:00:10,2020-05-27 17:00:10,2020-05-28 0:01:49,2020-05-27 18:01:49-06:00,Iridium,46.71134,-113.99417,1521,3.8,3D Validated,Nothing Detected,33,3.28,3.6,Animal with Collar 40879
40879,2020-05-27 22:00:40,2020-05-27 16:00:40,2020-05-28 0:01:49,2020-05-27 18:01:49-06:00,Iridium,46.70762,-113.99582,1474,2.6,3D Validated,Nothing Detected,32,3.28,3.6,Animal with Collar 40879
40879,2020-05-27 21:00:40,2020-05-27 15:00:40,2020-05-28 0:01:49,2020-05-27 18:01:49-06:00,Iridium,46.70759,-113.99586,1466,1.8,3D Validated,Nothing Detected,23,3.28,3.6,Animal with Collar 40879
40879,2020-05-27 20:00:28,2020-05-27 14:00:28,2020-05-27 20:00:49,2020-05-27 14:00:49-06:00,Iridium,46.70761,-113.99589,1477,4,3D Validated,Nothing Detected,23,3.28,3.6,Animal with Collar 40879
40879,2020-05-27 19:00:40,2020-05-27 13:00:40,2020-05-27 20:00:49,2020-05-27 14:00:49-06:00,Iridium,46.70765,-113.99582,1471,3.6,3D Validated,Nothing Detected,21,3.28,3.6,Animal with Collar 40879
40879,2020-05-27 18:00:20,2020-05-27 12:00:20,2020-05-27 20:00:49,2020-05-27 14:00:49-06:00,Iridium,46.7076,-113.99587,1465,2.2,3D Validated,Nothing Detected,22,3.28,3.6,Animal with Collar 40879
40879,2020-05-27 17:00:56,2020-05-27 11:00:56,2020-05-27 20:00:49,2020-05-27 14:00:49-06:00,Iridium,46.70757,-113.9958,1438,4.2,3D Validated,Nothing Detected,22,3.28,3.6,Animal with Collar 40879
40879,2020-05-27 16:00:11,2020-05-27 10:00:11,2020-05-27 20:01:00,2020-05-27 14:01:00-06:00,Iridium,46.70756,-113.99584,1474,3.8,3D Validated,Nothing Detected,19,3.28,3.6,Animal with Collar 40879
40879,2020-05-27 15:00:09,2020-05-27 9:00:09,2020-05-27 20:01:00,2020-05-27 14:01:00-06:00,Iridium,46.70757,-113.99582,1474,2.4,3D Validated,Nothing Detected,16,3.28,3.6,Animal with Collar 40879
40879,2020-05-27 14:00:38,2020-05-27 8:00:38,2020-05-27 20:01:00,2020-05-27 14:01:00-06:00,Iridium,46.7057,-113.99713,1543,1.8,3D Validated,Nothing Detected,16,3.28,3.6,Animal with Collar 40879
40879,2020-05-27 13:00:38,2020-05-27 7:00:38,2020-05-27 20:01:00,2020-05-27 14:01:00-06:00,Iridium,46.70567,-113.99722,1560,2.4,3D Validated,Nothing Detected,18,3.28,3.52,Animal with Collar 40879
40879,2020-05-27 12:00:09,2020-05-27 6:00:09,2020-05-27 12:00:33,2020-05-27 06:00:33-06:00,Iridium,46.70557,-113.99726,1553,4,3D Validated,Nothing Detected,15,3.28,3.52,Animal with Collar 40879
40879,2020-05-27 11:00:40,2020-05-27 5:00:40,2020-05-27 12:00:33,2020-05-27 06:00:33-06:00,Iridium,46.69718,-113.99363,1515,1.6,3D Validated,Nothing Detected,14,3.28,3.52,Animal with Collar 40879
40879,2020-05-27 10:00:09,2020-05-27 4:00:09,2020-05-27 12:00:33,2020-05-27 06:00:33-06:00,Iridium,46.69374,-113.99927,1323,5.2,3D Validated,Nothing Detected,15,3.28,3.6,Animal with Collar 40879
40879,2020-05-27 9:00:38,2020-05-27 3:00:38,2020-05-27 12:00:33,2020-05-27 06:00:33-06:00,Iridium,46.69996,-113.99857,1438,2.8,3D Validated,Nothing Detected,16,3.28,3.6,Animal with Collar 40879
40879,2020-05-27 8:00:38,2020-05-27 2:00:38,2020-05-27 8:01:36,2020-05-27 02:01:36-06:00,Iridium,46.69988,-113.9985,1438,3,3D Validated,Nothing Detected,16,3.28,3.6,Animal with Collar 40879
40879,2020-05-27 7:00:10,2020-05-27 1:00:10,2020-05-27 8:01:36,2020-05-27 02:01:36-06:00,Iridium,46.69992,-113.99856,1436,3.6,3D Validated,Nothing Detected,18,3.28,3.52,Animal with Collar 40879
40879,2020-05-27 6:00:39,2020-05-27 0:00:39,2020-05-27 8:01:36,2020-05-27 02:01:36-06:00,Iridium,46.70614,-113.99899,1494,3,3D Validated,Nothing Detected,18,3.28,3.52,Animal with Collar 40879
40879,2020-05-27 5:00:11,2020-05-26 23:00:11,2020-05-27 8:01:36,2020-05-27 02:01:36-06:00,Iridium,46.70645,-113.99505,1544,4.6,3D Validated,Nothing Detected,18,3.28,3.52,Animal with Collar 40879
40879,2020-05-27 4:00:11,2020-05-26 22:00:11,2020-05-27 4:01:07,2020-05-26 22:01:07-06:00,Iridium,46.70542,-113.99596,1589,2.2,3D Validated,Nothing Detected,18,3.28,3.52,Animal with Collar 40879
40879,2020-05-27 3:00:38,2020-05-26 21:00:38,2020-05-27 4:01:07,2020-05-26 22:01:07-06:00,Iridium,46.7046,-113.99265,1631,3.6,3D Validated,Nothing Detected,20,3.28,3.52,Animal with Collar 40879
40879,2020-05-27 2:00:40,2020-05-26 20:00:40,2020-05-27 4:01:07,2020-05-26 22:01:07-06:00,Iridium,46.71001,-113.98712,1720,3.4,3D Validated,Nothing Detected,23,3.28,3.52,Animal with Collar 40879
40879,2020-05-27 1:00:09,2020-05-26 19:00:09,2020-05-27 4:01:07,2020-05-26 22:01:07-06:00,Iridium,46.71503,-113.98795,1645,2,3D Validated,Nothing Detected,25,3.28,3.6,Animal with Collar 40879
40879,2020-05-27 0:00:38,2020-05-26 18:00:38,2020-05-27 0:01:00,2020-05-26 18:01:00-06:00,Iridium,46.71588,-113.9891,1650,1.8,3D Validated,Nothing Detected,27,3.28,3.6,Animal with Collar 40879
40879,2020-05-26 23:00:08,2020-05-26 17:00:08,2020-05-27 0:01:00,2020-05-26 18:01:00-06:00,Iridium,46.71817,-113.98913,1621,1.8,3D Validated,Nothing Detected,21,3.28,3.6,Animal with Collar 40879
40879,2020-05-26 22:00:39,2020-05-26 16:00:39,2020-05-27 0:01:00,2020-05-26 18:01:00-06:00,Iridium,46.71818,-113.98913,1623,1.6,3D Validated,Nothing Detected,23,3.28,3.6,Animal with Collar 40879
40879,2020-05-26 21:00:07,2020-05-26 15:00:07,2020-05-27 0:01:00,2020-05-26 18:01:00-06:00,Iridium,46.71819,-113.98998,1633,8.8,3D Validated,Nothing Detected,29,3.28,3.52,Animal with Collar 40879
40879,2020-05-26 20:00:09,2020-05-26 14:00:09,2020-05-26 20:00:43,2020-05-26 14:00:43-06:00,Iridium,46.72047,-113.98766,1469,4.4,3D Validated,Nothing Detected,24,3.28,3.52,Animal with Collar 40879
40879,2020-05-26 19:00:38,2020-05-26 13:00:38,2020-05-26 20:00:43,2020-05-26 14:00:43-06:00,Iridium,46.72202,-113.98251,1367,2.6,3D Validated,Nothing Detected,22,3.28,3.6,Animal with Collar 40879
40879,2020-05-26 18:00:40,2020-05-26 12:00:40,2020-05-26 20:00:43,2020-05-26 14:00:43-06:00,Iridium,46.72193,-113.98247,1349,2.4,3D Validated,Nothing Detected,20,3.28,3.6,Animal with Collar 40879
40879,2020-05-26 17:00:39,2020-05-26 11:00:39,2020-05-26 20:00:43,2020-05-26 14:00:43-06:00,Iridium,46.722,-113.98245,1355,2.6,3D Validated,Nothing Detected,23,3.28,3.6,Animal with Collar 40879
40879,2020-05-26 16:00:31,2020-05-26 10:00:31,2020-05-26 16:01:00,2020-05-26 10:01:00-06:00,Iridium,46.72194,-113.98261,1369,2.6,3D Validated,Nothing Detected,22,3.28,3.6,Animal with Collar 40879
40879,2020-05-26 15:00:36,2020-05-26 9:00:36,2020-05-26 16:01:00,2020-05-26 10:01:00-06:00,Iridium,46.72202,-113.98257,1380,2.4,3D Validated,Nothing Detected,19,3.28,3.6,Animal with Collar 40879
40879,2020-05-26 14:00:10,2020-05-26 8:00:10,2020-05-26 16:01:00,2020-05-26 10:01:00-06:00,Iridium,46.72202,-113.98254,1381,2.6,3D Validated,Nothing Detected,19,3.28,3.52,Animal with Collar 40879
40879,2020-05-26 13:01:00,2020-05-26 7:01:00,2020-05-26 16:01:00,2020-05-26 10:01:00-06:00,Iridium,46.72348,-113.97954,1379,2.6,3D Validated,Nothing Detected,17,3.28,3.52,Animal with Collar 40879
40879,2020-05-26 12:00:36,2020-05-26 6:00:36,2020-05-26 16:01:09,2020-05-26 10:01:09-06:00,Iridium,46.71987,-113.97332,1427,4.2,3D Validated,Nothing Detected,15,3.28,3.52,Animal with Collar 40879
40879,2020-05-26 11:00:09,2020-05-26 5:00:09,2020-05-26 16:01:09,2020-05-26 10:01:09-06:00,Iridium,46.71331,-113.97685,1677,2,3D Validated,Nothing Detected,16,3.28,3.6,Animal with Collar 40879
40879,2020-05-26 10:00:38,2020-05-26 4:00:38,2020-05-26 16:01:09,2020-05-26 10:01:09-06:00,Iridium,46.71338,-113.9775,1689,2,3D Validated,Nothing Detected,21,3.28,3.6,Animal with Collar 40879
40879,2020-05-26 9:01:15,2020-05-26 3:01:15,2020-05-26 16:01:09,2020-05-26 10:01:09-06:00,Iridium,46.71322,-113.97732,1692,10,3D Validated,Nothing Detected,18,3.28,3.6,Animal with Collar 40879
40879,2020-05-26 8:00:09,2020-05-26 2:00:09,2020-05-26 16:01:18,2020-05-26 10:01:18-06:00,Iridium,46.71318,-113.97739,1713,9.2,3D Validated,Nothing Detected,15,3.28,3.6,Animal with Collar 40879
40879,2020-05-26 7:00:10,2020-05-26 1:00:10,2020-05-26 16:01:18,2020-05-26 10:01:18-06:00,Iridium,46.71341,-113.97759,1683,2.2,3D Validated,Nothing Detected,11,3.28,3.6,Animal with Collar 40879
40879,2020-05-26 6:00:33,2020-05-26 0:00:33,2020-05-26 16:01:18,2020-05-26 10:01:18-06:00,Iridium,46.71345,-113.97744,1690,2.4,3D Validated,Nothing Detected,13,3.28,3.6,Animal with Collar 40879
40879,2020-05-26 5:00:09,2020-05-25 23:00:09,2020-05-26 16:01:18,2020-05-26 10:01:18-06:00,Iridium,46.71339,-113.97749,1685,2.6,3D Validated,Nothing Detected,14,3.28,3.6,Animal with Collar 40879
40879,2020-05-26 4:00:39,2020-05-25 22:00:39,2020-05-26 4:01:01,2020-05-25 22:01:01-06:00,Iridium,46.71337,-113.97747,1679,2,3D Validated,Nothing Detected,17,3.28,3.52,Animal with Collar 40879
40879,2020-05-26 3:00:09,2020-05-25 21:00:09,2020-05-26 4:01:01,2020-05-25 22:01:01-06:00,Iridium,46.71027,-113.97618,1710,4,3D Validated,Nothing Detected,18,3.28,3.52,Animal with Collar 40879
40879,2020-05-26 2:00:09,2020-05-25 20:00:09,2020-05-26 4:01:01,2020-05-25 22:01:01-06:00,Iridium,46.70447,-113.97257,1685,5.6,3D Validated,Nothing Detected,18,3.28,3.52,Animal with Collar 40879
40879,2020-05-26 1:00:11,2020-05-25 19:00:11,2020-05-26 4:01:01,2020-05-25 22:01:01-06:00,Iridium,46.69939,-113.9707,1484,3.4,3D Validated,Nothing Detected,18,3.28,3.52,Animal with Collar 40879
40879,2020-05-26 0:00:38,2020-05-25 18:00:38,2020-05-26 0:01:27,2020-05-25 18:01:27-06:00,Iridium,46.69575,-113.97632,1576,2,3D Validated,Nothing Detected,22,3.28,3.6,Animal with Collar 40879
40879,2020-05-25 23:00:11,2020-05-25 17:00:11,2020-05-26 0:01:27,2020-05-25 18:01:27-06:00,Iridium,46.69728,-113.97578,1596,3.4,3D Validated,Nothing Detected,25,3.28,3.6,Animal with Collar 40879
40879,2020-05-25 22:00:39,2020-05-25 16:00:39,2020-05-26 0:01:27,2020-05-25 18:01:27-06:00,Iridium,46.69729,-113.9754,1584,4.2,3D Validated,Nothing Detected,24,3.28,3.52,Animal with Collar 40879
40879,2020-05-25 21:00:16,2020-05-25 15:00:16,2020-05-26 0:01:27,2020-05-25 18:01:27-06:00,Iridium,46.70276,-113.9751,1647,7.4,3D Validated,Nothing Detected,22,3.28,3.6,Animal with Collar 40879
40879,2020-05-25 20:00:09,2020-05-25 14:00:09,2020-05-26 4:01:10,2020-05-25 22:01:10-06:00,Iridium,46.70295,-113.97519,1633,2.8,3D Validated,Nothing Detected,24,3.28,3.6,Animal with Collar 40879
40879,2020-05-25 19:01:32,2020-05-25 13:01:32,2020-05-26 4:01:10,2020-05-25 22:01:10-06:00,Iridium,46.70287,-113.97511,1641,4,3D Validated,Nothing Detected,23,3.28,3.6,Animal with Collar 40879
40879,2020-05-25 18:00:16,2020-05-25 12:00:16,2020-05-26 4:01:10,2020-05-25 22:01:10-06:00,Iridium,46.70287,-113.97526,1620,3.6,3D Validated,Nothing Detected,42,3.28,3.6,Animal with Collar 40879
40879,2020-05-25 17:00:39,2020-05-25 11:00:39,2020-05-26 4:01:10,2020-05-25 22:01:10-06:00,Iridium,46.70287,-113.97523,1634,2.6,3D Validated,Nothing Detected,22,3.28,3.6,Animal with Collar 40879
40879,2020-05-25 16:00:38,2020-05-25 10:00:38,2020-05-25 16:01:02,2020-05-25 10:01:02-06:00,Iridium,46.7029,-113.97524,1619,2.6,3D Validated,Nothing Detected,21,3.28,3.6,Animal with Collar 40879
40879,2020-05-25 15:00:38,2020-05-25 9:00:38,2020-05-25 16:01:02,2020-05-25 10:01:02-06:00,Iridium,46.70245,-113.97559,1650,2.4,3D Validated,Nothing Detected,28,3.28,3.52,Animal with Collar 40879
40879,2020-05-25 14:00:10,2020-05-25 8:00:10,2020-05-25 16:01:02,2020-05-25 10:01:02-06:00,Iridium,46.70231,-113.97621,1659,5.2,3D Validated,Nothing Detected,20,3.28,3.52,Animal with Collar 40879
40879,2020-05-25 13:01:36,2020-05-25 7:01:36,2020-05-25 16:01:02,2020-05-25 10:01:02-06:00,Iridium,46.70192,-113.97506,1629,6.2,3D Validated,Nothing Detected,13,3.2,3.52,Animal with Collar 40879
40879,2020-05-25 12:00:40,2020-05-25 6:00:40,2020-05-25 12:01:00,2020-05-25 06:01:00-06:00,Iridium,46.70473,-113.97446,1650,2.6,3D Validated,Nothing Detected,25,3.28,3.6,Animal with Collar 40879
40879,2020-05-25 11:02:26,2020-05-25 5:02:26,2020-05-25 12:01:00,2020-05-25 06:01:00-06:00,Iridium,46.70468,-113.97451,1641,4.6,3D Validated,Nothing Detected,18,3.28,3.6,Animal with Collar 40879
40879,2020-05-25 10:00:12,2020-05-25 4:00:12,2020-05-25 12:01:00,2020-05-25 06:01:00-06:00,Iridium,46.70478,-113.97435,1650,2.8,3D Validated,Nothing Detected,14,3.36,3.6,Animal with Collar 40879
40879,2020-05-25 9:00:40,2020-05-25 3:00:40,2020-05-25 12:01:00,2020-05-25 06:01:00-06:00,Iridium,46.70463,-113.97439,1666,2.8,3D Validated,Nothing Detected,14,3.28,3.6,Animal with Collar 40879
40879,2020-05-25 8:00:38,2020-05-25 2:00:38,2020-05-25 12:01:34,2020-05-25 06:01:34-06:00,Iridium,46.70474,-113.97442,1649,5,3D Validated,Nothing Detected,15,3.28,3.6,Animal with Collar 40879
40879,2020-05-25 7:00:39,2020-05-25 1:00:39,2020-05-25 12:01:34,2020-05-25 06:01:34-06:00,Iridium,46.70475,-113.97442,1643,4.6,3D Validated,Nothing Detected,15,3.28,3.6,Animal with Collar 40879
40879,2020-05-25 6:00:13,2020-05-25 0:00:13,2020-05-25 12:01:34,2020-05-25 06:01:34-06:00,Iridium,46.70481,-113.97443,1639,5.6,3D Validated,Nothing Detected,14,3.36,3.6,Animal with Collar 40879
40879,2020-05-25 5:00:10,2020-05-24 23:00:10,2020-05-25 12:01:34,2020-05-25 06:01:34-06:00,Iridium,46.70471,-113.97446,1641,2.4,3D Validated,Nothing Detected,15,3.28,3.6,Animal with Collar 40879
40879,2020-05-25 4:00:39,2020-05-24 22:00:39,2020-05-25 4:01:05,2020-05-24 22:01:05-06:00,Iridium,46.7076,-113.97831,1770,2.4,3D Validated,Nothing Detected,15,3.28,3.52,Animal with Collar 40879
40879,2020-05-25 3:00:11,2020-05-24 21:00:11,2020-05-25 4:01:05,2020-05-24 22:01:05-06:00,Iridium,46.71092,-113.98607,1768,7.6,3D Validated,Nothing Detected,18,3.28,3.52,Animal with Collar 40879
40879,2020-05-25 2:00:52,2020-05-24 20:00:52,2020-05-25 4:01:05,2020-05-24 22:01:05-06:00,Iridium,46.71364,-113.98749,1717,1.8,3D Validated,Nothing Detected,21,3.28,3.52,Animal with Collar 40879
40879,2020-05-25 1:00:09,2020-05-24 19:00:09,2020-05-25 4:01:05,2020-05-24 22:01:05-06:00,Iridium,46.71841,-113.99057,1610,2,3D Validated,Nothing Detected,21,3.28,3.6,Animal with Collar 40879
40879,2020-05-25 0:00:40,2020-05-24 18:00:40,2020-05-25 4:01:13,2020-05-24 22:01:13-06:00,Iridium,46.71718,-113.99165,1566,2.2,3D Validated,Nothing Detected,18,3.28,3.6,Animal with Collar 40879
40879,2020-05-24 23:00:16,2020-05-24 17:00:16,2020-05-25 4:01:13,2020-05-24 22:01:13-06:00,Iridium,46.71728,-113.99171,1593,2.8,3D Validated,Nothing Detected,22,3.28,3.52,Animal with Collar 40879
40879,2020-05-24 22:00:40,2020-05-24 16:00:40,2020-05-25 4:01:13,2020-05-24 22:01:13-06:00,Iridium,46.71636,-113.99361,1515,4.8,3D Validated,Nothing Detected,19,3.28,3.6,Animal with Collar 40879
40879,2020-05-24 21:00:19,2020-05-24 15:00:19,2020-05-25 4:01:13,2020-05-24 22:01:13-06:00,Iridium,46.71625,-113.99359,1603,3.6,3D Validated,Nothing Detected,18,3.28,3.6,Animal with Collar 40879
40879,2020-05-24 20:01:08,2020-05-24 14:01:08,2020-05-25 4:01:22,2020-05-24 22:01:22-06:00,Iridium,46.71633,-113.99367,1520,4.2,3D Validated,Nothing Detected,19,3.28,3.6,Animal with Collar 40879
40879,2020-05-24 19:00:38,2020-05-24 13:00:38,2020-05-25 4:01:22,2020-05-24 22:01:22-06:00,Iridium,46.71671,-113.9938,1489,3.8,3D Validated,Nothing Detected,33,3.2,3.52,Animal with Collar 40879
40879,2020-05-24 18:00:37,2020-05-24 12:00:37,2020-05-25 4:01:22,2020-05-24 22:01:22-06:00,Iridium,46.71764,-113.99778,1419,2.4,3D Validated,Nothing Detected,23,3.28,3.52,Animal with Collar 40879
40879,2020-05-24 17:00:39,2020-05-24 11:00:39,2020-05-25 4:01:22,2020-05-24 22:01:22-06:00,Iridium,46.71807,-114.00862,1264,2.4,3D Validated,Nothing Detected,20,3.28,3.6,Animal with Collar 40879
40879,2020-05-24 16:00:39,2020-05-24 10:00:39,2020-05-25 4:01:40,2020-05-24 22:01:40-06:00,Iridium,46.71818,-114.00858,1279,1.6,3D Validated,Nothing Detected,19,3.28,3.6,Animal with Collar 40879
40879,2020-05-24 15:00:10,2020-05-24 9:00:10,2020-05-25 4:01:40,2020-05-24 22:01:40-06:00,Iridium,46.71818,-114.00854,1277,1.8,3D Validated,Nothing Detected,16,3.28,3.6,Animal with Collar 40879
40879,2020-05-24 14:00:10,2020-05-24 8:00:10,2020-05-25 4:01:40,2020-05-24 22:01:40-06:00,Iridium,46.71819,-114.00863,1276,1.6,3D Validated,Nothing Detected,15,3.28,3.6,Animal with Collar 40879
40879,2020-05-24 13:00:38,2020-05-24 7:00:38,2020-05-25 4:01:40,2020-05-24 22:01:40-06:00,Iridium,46.71826,-114.00864,1282,2.2,3D Validated,Nothing Detected,13,3.28,3.6,Animal with Collar 40879
40879,2020-05-24 12:00:40,2020-05-24 6:00:40,2020-05-24 12:01:06,2020-05-24 06:01:06-06:00,Iridium,46.7182,-114.00862,1280,1.6,3D Validated,Nothing Detected,11,3.28,3.6,Animal with Collar 40879
40879,2020-05-24 11:00:38,2020-05-24 5:00:38,2020-05-24 12:01:06,2020-05-24 06:01:06-06:00,Iridium,46.71819,-114.00861,1276,2.4,3D Validated,Nothing Detected,13,3.28,3.6,Animal with Collar 40879
40879,2020-05-24 10:00:09,2020-05-24 4:00:09,2020-05-24 12:01:06,2020-05-24 06:01:06-06:00,Iridium,46.71825,-114.00872,1262,6.4,3D Validated,Nothing Detected,11,3.28,3.6,Animal with Collar 40879
40879,2020-05-24 9:00:40,2020-05-24 3:00:40,2020-05-24 12:01:06,2020-05-24 06:01:06-06:00,Iridium,46.71817,-114.00858,1272,1.8,3D Validated,Nothing Detected,13,3.28,3.6,Animal with Collar 40879
40879,2020-05-24 8:00:09,2020-05-24 2:00:09,2020-05-24 12:01:17,2020-05-24 06:01:17-06:00,Iridium,46.71816,-114.00861,1265,2.2,3D Validated,Nothing Detected,15,3.28,3.6,Animal with Collar 40879
40879,2020-05-24 7:00:39,2020-05-24 1:00:39,2020-05-24 12:01:17,2020-05-24 06:01:17-06:00,Iridium,46.71817,-114.00857,1275,2.2,3D Validated,Nothing Detected,13,3.28,3.6,Animal with Collar 40879
40879,2020-05-24 6:00:17,2020-05-24 0:00:17,2020-05-24 12:01:17,2020-05-24 06:01:17-06:00,Iridium,46.71815,-114.00857,1278,3,3D Validated,Nothing Detected,15,3.28,3.6,Animal with Collar 40879
40879,2020-05-24 5:00:40,2020-05-23 23:00:40,2020-05-24 12:01:17,2020-05-24 06:01:17-06:00,Iridium,46.71815,-114.00861,1264,1.8,3D Validated,Nothing Detected,13,3.28,3.6,Animal with Collar 40879
40879,2020-05-24 4:00:10,2020-05-23 22:00:10,2020-05-24 12:01:24,2020-05-24 06:01:24-06:00,Iridium,46.71823,-114.00853,1291,4.8,3D Validated,Nothing Detected,11,3.28,3.6,Animal with Collar 40879
40879,2020-05-24 3:00:16,2020-05-23 21:00:16,2020-05-24 12:01:24,2020-05-24 06:01:24-06:00,Iridium,46.72027,-114.0076,1256,2.2,3D Validated,Nothing Detected,14,3.36,3.6,Animal with Collar 40879
40879,2020-05-24 2:00:40,2020-05-23 20:00:40,2020-05-24 12:01:24,2020-05-24 06:01:24-06:00,Iridium,46.72037,-114.00761,1253,2.4,3D Validated,Nothing Detected,15,3.28,3.6,Animal with Collar 40879
40879,2020-05-24 1:00:18,2020-05-23 19:00:18,2020-05-24 12:01:24,2020-05-24 06:01:24-06:00,Iridium,46.72044,-114.00767,1260,2.2,3D Validated,Nothing Detected,18,3.28,3.6,Animal with Collar 40879
40879,2020-05-24 0:00:33,2020-05-23 18:00:33,2020-05-24 12:01:32,2020-05-24 06:01:32-06:00,Iridium,46.72035,-114.0076,1259,2.2,3D Validated,Nothing Detected,20,3.28,3.6,Animal with Collar 40879
40879,2020-05-23 23:00:34,2020-05-23 17:00:34,2020-05-24 12:01:32,2020-05-24 06:01:32-06:00,Iridium,46.72041,-114.00762,1274,2.8,3D Validated,Nothing Detected,23,3.28,3.6,Animal with Collar 40879
40879,2020-05-23 22:00:09,2020-05-23 16:00:09,2020-05-24 12:01:32,2020-05-24 06:01:32-06:00,Iridium,46.72036,-114.00764,1257,2,3D Validated,Nothing Detected,19,3.28,3.52,Animal with Collar 40879
40879,2020-05-23 21:00:40,2020-05-23 15:00:40,2020-05-24 12:01:32,2020-05-24 06:01:32-06:00,Iridium,46.72035,-114.00811,1253,1.6,3D Validated,Nothing Detected,20,3.28,3.6,Animal with Collar 40879
40879,2020-05-23 20:00:12,2020-05-23 14:00:12,2020-05-24 12:01:41,2020-05-24 06:01:41-06:00,Iridium,46.72034,-114.00806,1230,3.2,3D Validated,Nothing Detected,16,3.28,3.52,Animal with Collar 40879
40879,2020-05-23 19:02:38,2020-05-23 13:02:38,2020-05-24 12:01:41,2020-05-24 06:01:41-06:00,Iridium,46.72036,-114.00758,1250,3.8,3D Validated,Nothing Detected,14,3.2,3.52,Animal with Collar 40879
40879,2020-05-23 18:01:05,2020-05-23 12:01:05,2020-05-24 12:01:41,2020-05-24 06:01:41-06:00,Iridium,46.71917,-114.00472,1297,3.2,3D Validated,Nothing Detected,13,3.28,3.6,Animal with Collar 40879
